---------------------------------------------------------------------------------------
      name:  <unnamed>
       log:  C:\Users\jdmic\git\learn-stata\code\12-did.log
  log type:  text
 opened on:   1 Apr 2026, 09:33:07

. 
. **********************************************************************
. **# exercise 1
. **********************************************************************
. 
. **## 1.1
. 
. * load data
.         use             "panel_gis.dta", clear
file panel_gis.dta not found
r(601);

end of do-file

r(601);

. do "C:\Users\jdmic\AppData\Local\Temp\STD34c4_000000.tmp"

. * course: 597a
. * assignment: 12
. * created on: 31 mar 26
. * created by: jdm
. * edited on: 31 mar 26
. * edited by: jdm
. * stata v.18.0
. 
. **********************************************************************
. **# 0 - setup
. **********************************************************************
. 
. * open log
.         cap             log close
---------------------------------------------------------------------------------------
      name:  <unnamed>
       log:  C:\Users\jdmic\git\learn-stata\code\12-did.log
  log type:  text
 opened on:   1 Apr 2026, 09:33:23

. 
. **********************************************************************
. **# exercise 1
. **********************************************************************
. 
. **## 1.1
. 
. * load data
.         use             "$data/panel_gis.dta", clear

.     
. * set panel   
.         xtset           district_id year

Panel variable: district_id (strongly balanced)
 Time variable: year, 2002 to 2021
         Delta: 1 unit

. 
. * continuous treatment did
.         eststo          did1: xtreg evi_med c.seed i.year, fe ///
>                                                 vce(cluster district_id)

Fixed-effects (within) regression               Number of obs     =      1,280
Group variable: district_id                     Number of groups  =         64

R-squared:                                      Obs per group:
     Within  = 0.5670                                         min =         20
     Between = 0.0036                                         avg =       20.0
     Overall = 0.1327                                         max =         20

                                                F(20, 63)         =     104.94
corr(u_i, Xb) = 0.0019                          Prob > F          =     0.0000

                           (Std. err. adjusted for 64 clusters in district_id)
------------------------------------------------------------------------------
             |               Robust
     evi_med | Coefficient  std. err.      t    P>|t|     [95% conf. interval]
-------------+----------------------------------------------------------------
        seed |   9.80e-06   3.40e-06     2.88   0.005     3.00e-06    .0000166
             |
        year |
       2003  |  -.0081738    .003934    -2.08   0.042    -.0160352   -.0003123
       2004  |  -.0529046   .0047439   -11.15   0.000    -.0623845   -.0434247
       2005  |   .0113185   .0037722     3.00   0.004     .0037803    .0188566
       2006  |   .0286864   .0043782     6.55   0.000     .0199374    .0374355
       2007  |  -.0412701   .0065459    -6.30   0.000    -.0543511   -.0281891
       2008  |   .0113379   .0041597     2.73   0.008     .0030254    .0196504
       2009  |   .0400233   .0054714     7.31   0.000     .0290895     .050957
       2010  |   .0235677   .0061614     3.83   0.000     .0112552    .0358802
       2011  |   .0083384   .0046368     1.80   0.077    -.0009274    .0176043
       2012  |   .0430827   .0061243     7.03   0.000     .0308443    .0553211
       2013  |   .0397882   .0044529     8.94   0.000     .0308897    .0486867
       2014  |   .0407886   .0051912     7.86   0.000     .0304149    .0511624
       2015  |   .0408491   .0072204     5.66   0.000     .0264204    .0552778
       2016  |   .0485674   .0069903     6.95   0.000     .0345984    .0625365
       2017  |   .0512881   .0076095     6.74   0.000     .0360818    .0664944
       2018  |   .0686437   .0067388    10.19   0.000     .0551773      .08211
       2019  |   .0701537   .0072234     9.71   0.000      .055719    .0845885
       2020  |   .0349619   .0064618     5.41   0.000      .022049    .0478747
       2021  |   .0656416   .0074726     8.78   0.000     .0507089    .0805744
             |
       _cons |   .4581041   .0041328   110.85   0.000     .4498454    .4663628
-------------+----------------------------------------------------------------
     sigma_u |  .08122385
     sigma_e |  .03012672
         rho |  .87906363   (fraction of variance due to u_i)
------------------------------------------------------------------------------

. 
. * did using didregress
.         eststo          did2: didregress (evi_med) (seed), group(district_id) ///
>                                                 time(year) vce(cluster district_id)
invalid treatment variable
    The treatment variable is either zero for controlled observations or 1 for
    treated observations. To use a continuous treatment, specify (seed, continuous)
    for your treatment specification.
r(2000);

end of do-file

r(2000);

. do "C:\Users\jdmic\AppData\Local\Temp\STD34c4_000001.tmp"

. * course: 597a
. * assignment: 12
. * created on: 31 mar 26
. * created by: jdm
. * edited on: 31 mar 26
. * edited by: jdm
. * stata v.18.0
. 
. **********************************************************************
. **# 0 - setup
. **********************************************************************
. 
. * open log
.         cap             log close
--------------------------------------------------------------------------------------------------------------------
      name:  <unnamed>
       log:  C:\Users\jdmic\git\learn-stata\code\12-did.log
  log type:  text
 opened on:   1 Apr 2026, 09:36:27

. 
. **********************************************************************
. **# exercise 1
. **********************************************************************
. 
. **## 1.1
. 
. * load data
.         use             "$data/panel_gis.dta", clear

.     
. * set panel   
.         xtset           district_id year

Panel variable: district_id (strongly balanced)
 Time variable: year, 2002 to 2021
         Delta: 1 unit

. 
. * continuous treatment did
.         eststo          did1: xtreg evi_med c.seed i.year, fe ///
>                                                 vce(cluster district_id)

Fixed-effects (within) regression               Number of obs     =      1,280
Group variable: district_id                     Number of groups  =         64

R-squared:                                      Obs per group:
     Within  = 0.5670                                         min =         20
     Between = 0.0036                                         avg =       20.0
     Overall = 0.1327                                         max =         20

                                                F(20, 63)         =     104.94
corr(u_i, Xb) = 0.0019                          Prob > F          =     0.0000

                           (Std. err. adjusted for 64 clusters in district_id)
------------------------------------------------------------------------------
             |               Robust
     evi_med | Coefficient  std. err.      t    P>|t|     [95% conf. interval]
-------------+----------------------------------------------------------------
        seed |   9.80e-06   3.40e-06     2.88   0.005     3.00e-06    .0000166
             |
        year |
       2003  |  -.0081738    .003934    -2.08   0.042    -.0160352   -.0003123
       2004  |  -.0529046   .0047439   -11.15   0.000    -.0623845   -.0434247
       2005  |   .0113185   .0037722     3.00   0.004     .0037803    .0188566
       2006  |   .0286864   .0043782     6.55   0.000     .0199374    .0374355
       2007  |  -.0412701   .0065459    -6.30   0.000    -.0543511   -.0281891
       2008  |   .0113379   .0041597     2.73   0.008     .0030254    .0196504
       2009  |   .0400233   .0054714     7.31   0.000     .0290895     .050957
       2010  |   .0235677   .0061614     3.83   0.000     .0112552    .0358802
       2011  |   .0083384   .0046368     1.80   0.077    -.0009274    .0176043
       2012  |   .0430827   .0061243     7.03   0.000     .0308443    .0553211
       2013  |   .0397882   .0044529     8.94   0.000     .0308897    .0486867
       2014  |   .0407886   .0051912     7.86   0.000     .0304149    .0511624
       2015  |   .0408491   .0072204     5.66   0.000     .0264204    .0552778
       2016  |   .0485674   .0069903     6.95   0.000     .0345984    .0625365
       2017  |   .0512881   .0076095     6.74   0.000     .0360818    .0664944
       2018  |   .0686437   .0067388    10.19   0.000     .0551773      .08211
       2019  |   .0701537   .0072234     9.71   0.000      .055719    .0845885
       2020  |   .0349619   .0064618     5.41   0.000      .022049    .0478747
       2021  |   .0656416   .0074726     8.78   0.000     .0507089    .0805744
             |
       _cons |   .4581041   .0041328   110.85   0.000     .4498454    .4663628
-------------+----------------------------------------------------------------
     sigma_u |  .08122385
     sigma_e |  .03012672
         rho |  .87906363   (fraction of variance due to u_i)
------------------------------------------------------------------------------

. 
. * did using didregress
.         eststo          did2: didregress (evi_med) (seed, continuous), group(district_id) ///
>                                                 time(year) vce(cluster district_id)


Difference-in-differences regression                     Number of obs = 1,280
Data type: Repeated cross-sectional

                           (Std. err. adjusted for 64 clusters in district_id)
------------------------------------------------------------------------------
             |               Robust
     evi_med | Coefficient  std. err.      t    P>|t|     [95% conf. interval]
-------------+----------------------------------------------------------------
ATET         |
        seed |   9.80e-06   3.49e-06     2.81   0.007     2.82e-06    .0000168
------------------------------------------------------------------------------
Note: ATET estimate adjusted for group effects and time effects.

. 
. **********************************************************************
. **# exercise 2
. **********************************************************************
. 
. **## 2.1
. 
. * find maximum seed adoption per district
.         bysort          district_id: egen max_seed = max(seed)

. 
. * get median of maximum seed
.         sum             max_seed, detail

                          max_seed
-------------------------------------------------------------
      Percentiles      Smallest
 1%            0              0
 5%            1              0
10%          2.5              0       Obs               1,280
25%        20.95              0       Sum of wgt.       1,280

50%      137.826                      Mean           409.5093
                        Largest       Std. dev.      717.9694
75%     452.1585       3636.354
90%     961.5032       3636.354       Variance       515480.1
95%     2202.877       3636.354       Skewness       2.938659
99%     3636.354       3636.354       Kurtosis       11.67241

.         local           med = r(p50)

. 
. * define early/high adoption districts vs never/low
.         gen             high_adopt = (max_seed > `med') & !missing(max_seed)

. 
. * collapse to mean by group and year
.         preserve

.         collapse        (mean) evi_med, by(high_adopt year)

. 
. * map parallel trends
.         twoway          (connected evi_med year if high_adopt == 1, ///
>                                                 lcolor(maroon)) ///
>                                         (connected evi_med year if high_adopt == 0, ///
>                                                 lcolor(navy)), ///
>                                                 legend(order(1 "High Adopters" ///
>                                                 2 "Low/Never Adopters")) xtitle("Year") ///
>                                                 ytitle("Mean EVI") ///
>                                                 title("Parallel Trends Check")

.         graph export    "parallel_trends.png", replace
(file parallel_trends.png not found)
file parallel_trends.png saved as PNG format

.         restore

.         *** generally, the parallel trends appear consistent pre-adoption
. 
. **********************************************************************
. **# exercise 3
. **********************************************************************
. 
. **## 3.1
. 
. * interacted model
.         eststo          did3: xtreg evi_med c.seed##c.bin_max_60_611 i.year, ///
>                                                 fe vce(cluster district_id)

Fixed-effects (within) regression               Number of obs     =      1,280
Group variable: district_id                     Number of groups  =         64

R-squared:                                      Obs per group:
     Within  = 0.5674                                         min =         20
     Between = 0.0035                                         avg =       20.0
     Overall = 0.1328                                         max =         20

                                                F(21, 63)         =          .
corr(u_i, Xb) = 0.0019                          Prob > F          =          .

                                      (Std. err. adjusted for 64 clusters in district_id)
-----------------------------------------------------------------------------------------
                        |               Robust
                evi_med | Coefficient  std. err.      t    P>|t|     [95% conf. interval]
------------------------+----------------------------------------------------------------
                   seed |   9.83e-06   3.41e-06     2.88   0.005     3.01e-06    .0000166
         bin_max_60_611 |  -.0202958   .0114021    -1.78   0.080     -.043081    .0024895
                        |
c.seed#c.bin_max_60_611 |   .0002264   .0000485     4.67   0.000     .0001296    .0003233
                        |
                   year |
                  2003  |  -.0081738   .0039371    -2.08   0.042    -.0160415    -.000306
                  2004  |  -.0529046   .0047477   -11.14   0.000    -.0623921   -.0434172
                  2005  |   .0113185   .0037752     3.00   0.004     .0037743    .0188626
                  2006  |   .0286864   .0043816     6.55   0.000     .0199304    .0374425
                  2007  |  -.0412701   .0065511    -6.30   0.000    -.0543615   -.0281787
                  2008  |   .0113379    .004163     2.72   0.008     .0030187     .019657
                  2009  |   .0400233   .0054758     7.31   0.000     .0290808    .0509657
                  2010  |   .0235677   .0061663     3.82   0.000     .0112454      .03589
                  2011  |   .0083384   .0046405     1.80   0.077    -.0009348    .0176116
                  2012  |   .0430827   .0061292     7.03   0.000     .0308345    .0553308
                  2013  |   .0397879   .0044566     8.93   0.000     .0308821    .0486937
                  2014  |   .0407877   .0051955     7.85   0.000     .0304054    .0511701
                  2015  |    .040847   .0072266     5.65   0.000     .0264058    .0552883
                  2016  |   .0485642   .0069967     6.94   0.000     .0345824    .0625461
                  2017  |    .051284   .0076161     6.73   0.000     .0360645    .0665035
                  2018  |   .0685969   .0067839    10.11   0.000     .0550403    .0821535
                  2019  |    .069641   .0072989     9.54   0.000     .0550553    .0842267
                  2020  |   .0349539   .0064686     5.40   0.000     .0220274    .0478803
                  2021  |   .0656325   .0074818     8.77   0.000     .0506813    .0805838
                        |
                  _cons |   .4581041   .0041348   110.79   0.000     .4498413    .4663669
------------------------+----------------------------------------------------------------
                sigma_u |  .08122415
                sigma_e |  .03013734
                    rho |  .87898948   (fraction of variance due to u_i)
-----------------------------------------------------------------------------------------

. 
. * build esttab table
.         esttab          did1 did2 did3 using "12-continuous-did.tex", replace ///
>                                                 b(3) se(3) ///
>                                                 star(* 0.10 ** 0.05 *** 0.01) ///
>                                                 stats(N r2, labels("Observations" "R-squared") ///
>                                                 noobs booktabs nonum nomtitle collabels(none) ///
>                                                 nobaselevels nogaps fragment label fmt(0 3)) ///
>                                                 prehead("\begin{tabular}{l*{3}{c}} " ///
>                                                   "\\[-1.8ex]\hline \hline \\[-1.8ex] " ///
>                                                   "& \multicolumn{3}{c}{DiD} \\ \midrule") ///
>                                                 postfoot("\hline \hline \\[-1.8ex] " ///
>                                                   "\multicolumn{4}{p{\linewidth}}{\small " ///
>                                                   "\noindent \textit{Note}: Dependent variable " ///
>                                                   "is crop yield in kg/ha. All models use " ///
>                                                   "standard errors clustered at the " ///
>                                                   "district level (in parentheses). " ///
>                                                   "* p$<0.10, ** p$<0.05, *** p$<0.01.}" ///
>                                                   "\end{tabular}")
option noobs not allowed
r(198);

end of do-file

r(198);

. do "C:\Users\jdmic\AppData\Local\Temp\STD34c4_000002.tmp"

.         preserve

.         collapse        (mean) evi_med, by(high_adopt year)

. 
. * map parallel trends
.         twoway          (connected evi_med year if high_adopt == 1, ///
>                                                 lcolor(maroon)) ///
>                                         (connected evi_med year if high_adopt == 0, ///
>                                                 lcolor(navy)), xline(2011) ///
>                                                 legend(order(1 "High Adopters" ///
>                                                 2 "Low/Never Adopters")) xtitle("Year") ///
>                                                 ytitle("Mean EVI") ///
>                                                 title("Parallel Trends Check")

.         graph export    "parallel_trends.png", replace
file parallel_trends.png saved as PNG format

.         restore

. 
end of do-file

. do "C:\Users\jdmic\AppData\Local\Temp\STD34c4_000003.tmp"

. 
. **## 1.1
. 
. * load data
.         use             "$data/panel_gis.dta", clear

.     
. * set panel   
.         xtset           district_id year

Panel variable: district_id (strongly balanced)
 Time variable: year, 2002 to 2021
         Delta: 1 unit

. 
. * continuous treatment did
.         eststo          did1: xtreg evi_med c.seed i.year, fe ///
>                                                 vce(cluster district_id)

Fixed-effects (within) regression               Number of obs     =      1,280
Group variable: district_id                     Number of groups  =         64

R-squared:                                      Obs per group:
     Within  = 0.5670                                         min =         20
     Between = 0.0036                                         avg =       20.0
     Overall = 0.1327                                         max =         20

                                                F(20, 63)         =     104.94
corr(u_i, Xb) = 0.0019                          Prob > F          =     0.0000

                           (Std. err. adjusted for 64 clusters in district_id)
------------------------------------------------------------------------------
             |               Robust
     evi_med | Coefficient  std. err.      t    P>|t|     [95% conf. interval]
-------------+----------------------------------------------------------------
        seed |   9.80e-06   3.40e-06     2.88   0.005     3.00e-06    .0000166
             |
        year |
       2003  |  -.0081738    .003934    -2.08   0.042    -.0160352   -.0003123
       2004  |  -.0529046   .0047439   -11.15   0.000    -.0623845   -.0434247
       2005  |   .0113185   .0037722     3.00   0.004     .0037803    .0188566
       2006  |   .0286864   .0043782     6.55   0.000     .0199374    .0374355
       2007  |  -.0412701   .0065459    -6.30   0.000    -.0543511   -.0281891
       2008  |   .0113379   .0041597     2.73   0.008     .0030254    .0196504
       2009  |   .0400233   .0054714     7.31   0.000     .0290895     .050957
       2010  |   .0235677   .0061614     3.83   0.000     .0112552    .0358802
       2011  |   .0083384   .0046368     1.80   0.077    -.0009274    .0176043
       2012  |   .0430827   .0061243     7.03   0.000     .0308443    .0553211
       2013  |   .0397882   .0044529     8.94   0.000     .0308897    .0486867
       2014  |   .0407886   .0051912     7.86   0.000     .0304149    .0511624
       2015  |   .0408491   .0072204     5.66   0.000     .0264204    .0552778
       2016  |   .0485674   .0069903     6.95   0.000     .0345984    .0625365
       2017  |   .0512881   .0076095     6.74   0.000     .0360818    .0664944
       2018  |   .0686437   .0067388    10.19   0.000     .0551773      .08211
       2019  |   .0701537   .0072234     9.71   0.000      .055719    .0845885
       2020  |   .0349619   .0064618     5.41   0.000      .022049    .0478747
       2021  |   .0656416   .0074726     8.78   0.000     .0507089    .0805744
             |
       _cons |   .4581041   .0041328   110.85   0.000     .4498454    .4663628
-------------+----------------------------------------------------------------
     sigma_u |  .08122385
     sigma_e |  .03012672
         rho |  .87906363   (fraction of variance due to u_i)
------------------------------------------------------------------------------

. 
. * did using didregress
.         eststo          did2: didregress (evi_med) (seed, continuous), group(district_id) ///
>                                                 time(year) vce(cluster district_id)


Difference-in-differences regression                     Number of obs = 1,280
Data type: Repeated cross-sectional

                           (Std. err. adjusted for 64 clusters in district_id)
------------------------------------------------------------------------------
             |               Robust
     evi_med | Coefficient  std. err.      t    P>|t|     [95% conf. interval]
-------------+----------------------------------------------------------------
ATET         |
        seed |   9.80e-06   3.49e-06     2.81   0.007     2.82e-06    .0000168
------------------------------------------------------------------------------
Note: ATET estimate adjusted for group effects and time effects.

.                                                 
.    esttab      did1 did2 using "$answ/12-continuous-did.tex", replace ///
>                     b(3) se(3) ///
>                     rename(seed##year "Seed x Year") ///
>                     keep("Seed x Year") ///
>                     star(* 0.10 ** 0.05 *** 0.01) ///
>                     stats(N r2, labels("Observations" "R-squared") ///
>                     noobs booktabs nonum nomtitle collabels(none) ///
>                     nobaselevels nogaps fragment label fmt(0 3)) ///
>                     prehead("\begin{tabular}{l*{1}{c}} " ///
>                       "\\[-1.8ex]\hline \hline \[-1.8ex] " ///
>                       "& \multicolumn{1}{c}{DiD} \\ \midrule") ///
>                     postfoot("\hline \hline \[-1.8ex] " ///
>                       "\multicolumn{2}{p{\linewidth}}{\small " ///
>                       "\noindent \textit{Note}: Dependent variable " ///
>                       "is crop yield in kg/ha. All models use " ///
>                       "standard errors clustered at the " ///
>                       "district level (in parentheses). " ///
>                       "* p$<0.10, ** p$<0.05, *** p$<0.01.}" ///
>                       "\end{tabular}")
option noobs not allowed
r(198);

end of do-file

r(198);

. do "C:\Users\jdmic\AppData\Local\Temp\STD34c4_000004.tmp"

.    esttab      did1 did2 using "$answ/12-continuous-did.tex", replace ///
>                     b(3) se(3) ///
>                     rename(seed##year "Seed x Year") ///
>                     keep("Seed x Year") ///
>                     star(* 0.10 ** 0.05 *** 0.01) ///
>                     stats(N r2, labels("Observations" "R-squared") ///
>                     booktabs nonum nomtitle collabels(none) ///
>                     nobaselevels nogaps fragment label fmt(0 3)) ///
>                     prehead("\begin{tabular}{l*{1}{c}} " ///
>                       "\\[-1.8ex]\hline \hline \[-1.8ex] " ///
>                       "& \multicolumn{1}{c}{DiD} \\ \midrule") ///
>                     postfoot("\hline \hline \[-1.8ex] " ///
>                       "\multicolumn{2}{p{\linewidth}}{\small " ///
>                       "\noindent \textit{Note}: Dependent variable " ///
>                       "is crop yield in kg/ha. All models use " ///
>                       "standard errors clustered at the " ///
>                       "district level (in parentheses). " ///
>                       "* p$<0.10, ** p$<0.05, *** p$<0.01.}" ///
>                       "\end{tabular}")
option booktabs not allowed
r(198);

end of do-file

r(198);

. do "C:\Users\jdmic\AppData\Local\Temp\STD34c4_000005.tmp"

. * load data
.         use             "$data/panel_gis.dta", clear

.     
. * set panel   
.         xtset           district_id year

Panel variable: district_id (strongly balanced)
 Time variable: year, 2002 to 2021
         Delta: 1 unit

. 
. * continuous treatment did
.         eststo          did1: xtreg evi_med c.seed i.year, fe ///
>                                                 vce(cluster district_id)

Fixed-effects (within) regression               Number of obs     =      1,280
Group variable: district_id                     Number of groups  =         64

R-squared:                                      Obs per group:
     Within  = 0.5670                                         min =         20
     Between = 0.0036                                         avg =       20.0
     Overall = 0.1327                                         max =         20

                                                F(20, 63)         =     104.94
corr(u_i, Xb) = 0.0019                          Prob > F          =     0.0000

                           (Std. err. adjusted for 64 clusters in district_id)
------------------------------------------------------------------------------
             |               Robust
     evi_med | Coefficient  std. err.      t    P>|t|     [95% conf. interval]
-------------+----------------------------------------------------------------
        seed |   9.80e-06   3.40e-06     2.88   0.005     3.00e-06    .0000166
             |
        year |
       2003  |  -.0081738    .003934    -2.08   0.042    -.0160352   -.0003123
       2004  |  -.0529046   .0047439   -11.15   0.000    -.0623845   -.0434247
       2005  |   .0113185   .0037722     3.00   0.004     .0037803    .0188566
       2006  |   .0286864   .0043782     6.55   0.000     .0199374    .0374355
       2007  |  -.0412701   .0065459    -6.30   0.000    -.0543511   -.0281891
       2008  |   .0113379   .0041597     2.73   0.008     .0030254    .0196504
       2009  |   .0400233   .0054714     7.31   0.000     .0290895     .050957
       2010  |   .0235677   .0061614     3.83   0.000     .0112552    .0358802
       2011  |   .0083384   .0046368     1.80   0.077    -.0009274    .0176043
       2012  |   .0430827   .0061243     7.03   0.000     .0308443    .0553211
       2013  |   .0397882   .0044529     8.94   0.000     .0308897    .0486867
       2014  |   .0407886   .0051912     7.86   0.000     .0304149    .0511624
       2015  |   .0408491   .0072204     5.66   0.000     .0264204    .0552778
       2016  |   .0485674   .0069903     6.95   0.000     .0345984    .0625365
       2017  |   .0512881   .0076095     6.74   0.000     .0360818    .0664944
       2018  |   .0686437   .0067388    10.19   0.000     .0551773      .08211
       2019  |   .0701537   .0072234     9.71   0.000      .055719    .0845885
       2020  |   .0349619   .0064618     5.41   0.000      .022049    .0478747
       2021  |   .0656416   .0074726     8.78   0.000     .0507089    .0805744
             |
       _cons |   .4581041   .0041328   110.85   0.000     .4498454    .4663628
-------------+----------------------------------------------------------------
     sigma_u |  .08122385
     sigma_e |  .03012672
         rho |  .87906363   (fraction of variance due to u_i)
------------------------------------------------------------------------------

. 
. * did using didregress
.         eststo          did2: didregress (evi_med) (seed, continuous), group(district_id) ///
>                                                 time(year) vce(cluster district_id)


Difference-in-differences regression                     Number of obs = 1,280
Data type: Repeated cross-sectional

                           (Std. err. adjusted for 64 clusters in district_id)
------------------------------------------------------------------------------
             |               Robust
     evi_med | Coefficient  std. err.      t    P>|t|     [95% conf. interval]
-------------+----------------------------------------------------------------
ATET         |
        seed |   9.80e-06   3.49e-06     2.81   0.007     2.82e-06    .0000168
------------------------------------------------------------------------------
Note: ATET estimate adjusted for group effects and time effects.

.                                                 
.    esttab      did1 did2 using "$answ/11-did.tex", replace ///
>                     b(3) se(3) ///
>                     rename(seed "STRV Seed") ///
>                     keep("STRV Seed") ///
>                     star(* 0.10 ** 0.05 *** 0.01) ///
>                     stats(N r2, labels("Observations" "R-squared") fmt(0 3)) ///
>                     noobs booktabs nonum nomtitle collabels(none) ///
>                     nobaselevels nogaps fragment label ///
>                     prehead("\begin{tabular}{l*{2}{c}} " ///
>                       "\\[-1.8ex]\hline \hline \\[-1.8ex] " ///
>                       "& \multicolumn{1}{c}{xtreg} & " ///
>                       "\multicolumn{1}{c}{didreg} \\ \midrule") ///
>                     postfoot("\hline \hline \\[-1.8ex] " ///
>                       "\multicolumn{3}{p{\linewidth}}{\small " ///
>                       "\noindent \textit{Note}: Dependent variable " ///
>                       "is median EVIa. All models use " ///
>                       "standard errors clustered at the " ///
>                       "household level (in parentheses). " ///
>                       "* p$<$0.10, ** p$<$0.05, *** p$<$0.01.} " ///
>                       "\end{tabular}")
(file C:/Users/jdmic/git/learn-stata/solutions/11-did.tex not found)
(output written to C:/Users/jdmic/git/learn-stata/solutions/11-did.tex)

. 
end of do-file

. do "C:\Users\jdmic\git\learn-stata\code\12-did.do"

. * course: 597a
. * assignment: 12
. * created on: 31 mar 26
. * created by: jdm
. * edited on: 31 mar 26
. * edited by: jdm
. * stata v.18.0
. 
. **********************************************************************
. **# 0 - setup
. **********************************************************************
. 
. * open log
.         cap             log close
--------------------------------------------------------------------------------------------------------------------
      name:  <unnamed>
       log:  C:\Users\jdmic\git\learn-stata\code\12-did.log
  log type:  text
 opened on:   1 Apr 2026, 09:57:04

. 
. **********************************************************************
. **# exercise 1 - Continuous Treatment DiD
. **********************************************************************
. 
. **## 1.1
. 
. * load data
.         use             "$data/panel_gis.dta", clear

.     
. * set panel   
.         xtset           district_id year

Panel variable: district_id (strongly balanced)
 Time variable: year, 2002 to 2021
         Delta: 1 unit

. 
. * continuous treatment did
.         eststo          did1: xtreg evi_med c.seed i.year, fe ///
>                                                 vce(cluster district_id)

Fixed-effects (within) regression               Number of obs     =      1,280
Group variable: district_id                     Number of groups  =         64

R-squared:                                      Obs per group:
     Within  = 0.5670                                         min =         20
     Between = 0.0036                                         avg =       20.0
     Overall = 0.1327                                         max =         20

                                                F(20, 63)         =     104.94
corr(u_i, Xb) = 0.0019                          Prob > F          =     0.0000

                           (Std. err. adjusted for 64 clusters in district_id)
------------------------------------------------------------------------------
             |               Robust
     evi_med | Coefficient  std. err.      t    P>|t|     [95% conf. interval]
-------------+----------------------------------------------------------------
        seed |   9.80e-06   3.40e-06     2.88   0.005     3.00e-06    .0000166
             |
        year |
       2003  |  -.0081738    .003934    -2.08   0.042    -.0160352   -.0003123
       2004  |  -.0529046   .0047439   -11.15   0.000    -.0623845   -.0434247
       2005  |   .0113185   .0037722     3.00   0.004     .0037803    .0188566
       2006  |   .0286864   .0043782     6.55   0.000     .0199374    .0374355
       2007  |  -.0412701   .0065459    -6.30   0.000    -.0543511   -.0281891
       2008  |   .0113379   .0041597     2.73   0.008     .0030254    .0196504
       2009  |   .0400233   .0054714     7.31   0.000     .0290895     .050957
       2010  |   .0235677   .0061614     3.83   0.000     .0112552    .0358802
       2011  |   .0083384   .0046368     1.80   0.077    -.0009274    .0176043
       2012  |   .0430827   .0061243     7.03   0.000     .0308443    .0553211
       2013  |   .0397882   .0044529     8.94   0.000     .0308897    .0486867
       2014  |   .0407886   .0051912     7.86   0.000     .0304149    .0511624
       2015  |   .0408491   .0072204     5.66   0.000     .0264204    .0552778
       2016  |   .0485674   .0069903     6.95   0.000     .0345984    .0625365
       2017  |   .0512881   .0076095     6.74   0.000     .0360818    .0664944
       2018  |   .0686437   .0067388    10.19   0.000     .0551773      .08211
       2019  |   .0701537   .0072234     9.71   0.000      .055719    .0845885
       2020  |   .0349619   .0064618     5.41   0.000      .022049    .0478747
       2021  |   .0656416   .0074726     8.78   0.000     .0507089    .0805744
             |
       _cons |   .4581041   .0041328   110.85   0.000     .4498454    .4663628
-------------+----------------------------------------------------------------
     sigma_u |  .08122385
     sigma_e |  .03012672
         rho |  .87906363   (fraction of variance due to u_i)
------------------------------------------------------------------------------

. 
. * did using didregress
.         eststo          did2: didregress (evi_med) (seed, continuous), group(district_id) ///
>                                                 time(year) vce(cluster district_id)


Difference-in-differences regression                     Number of obs = 1,280
Data type: Repeated cross-sectional

                           (Std. err. adjusted for 64 clusters in district_id)
------------------------------------------------------------------------------
             |               Robust
     evi_med | Coefficient  std. err.      t    P>|t|     [95% conf. interval]
-------------+----------------------------------------------------------------
ATET         |
        seed |   9.80e-06   3.49e-06     2.81   0.007     2.82e-06    .0000168
------------------------------------------------------------------------------
Note: ATET estimate adjusted for group effects and time effects.

.                                                 
.    esttab      did1 did2 using "$answ/11-did.tex", replace ///
>                     b(3) se(3) ///
>                     rename(seed "STRV Seed") ///
>                     keep("STRV Seed") ///
>                     star(* 0.10 ** 0.05 *** 0.01) ///
>                     stats(N r2, labels("Observations" "R-squared") fmt(0 3)) ///
>                     noobs booktabs nonum nomtitle collabels(none) ///
>                     nobaselevels nogaps fragment label ///
>                     prehead("\begin{tabular}{l*{2}{c}} " ///
>                       "\\[-1.8ex]\hline \hline \\[-1.8ex] " ///
>                       "& \multicolumn{1}{c}{xtreg} & " ///
>                       "\multicolumn{1}{c}{didreg} \\ \midrule") ///
>                     postfoot("\hline \hline \\[-1.8ex] " ///
>                       "\multicolumn{3}{p{\linewidth}}{\small " ///
>                       "\noindent \textit{Note}: Dependent variable " ///
>                       "is median EVIa. All models use " ///
>                       "standard errors clustered at the " ///
>                       "household level (in parentheses). " ///
>                       "* p$<$0.10, ** p$<$0.05, *** p$<$0.01.} " ///
>                       "\end{tabular}")
(output written to C:/Users/jdmic/git/learn-stata/solutions/11-did.tex)

.                                           
. **********************************************************************
. **# exercise 2 - Parallel Trends
. **********************************************************************
. 
. **## 2.1
. 
. * find maximum seed adoption per district
.         bysort          district_id: egen max_seed = max(seed)

. 
. * get median of maximum seed
.         sum             max_seed, detail

                          max_seed
-------------------------------------------------------------
      Percentiles      Smallest
 1%            0              0
 5%            1              0
10%          2.5              0       Obs               1,280
25%        20.95              0       Sum of wgt.       1,280

50%      137.826                      Mean           409.5093
                        Largest       Std. dev.      717.9694
75%     452.1585       3636.354
90%     961.5032       3636.354       Variance       515480.1
95%     2202.877       3636.354       Skewness       2.938659
99%     3636.354       3636.354       Kurtosis       11.67241

.         local           med = r(p50)

. 
. * define early/high adoption districts vs never/low
.         gen             high_adopt = (max_seed > `med') & !missing(max_seed)

. 
. * collapse to mean by group and year
.         preserve

.         collapse        (mean) evi_med, by(high_adopt year)

. 
. * map parallel trends
.         twoway          (connected evi_med year if high_adopt == 1, ///
>                                                 lcolor(maroon)) ///
>                                         (connected evi_med year if high_adopt == 0, ///
>                                                 lcolor(navy)), xline(2011) ///
>                                                 legend(order(1 "High Adopters" ///
>                                                 2 "Low/Never Adopters")) xtitle("Year") ///
>                                                 ytitle("Mean EVI") ///
>                                                 title("Parallel Trends Check")

.         graph export    "$answ/parallel_trends.png", replace
(file C:/Users/jdmic/git/learn-stata/solutions/parallel_trends.png not found)
file C:/Users/jdmic/git/learn-stata/solutions/parallel_trends.png saved as PNG format

.         restore

.         *** generally, the parallel trends appear consistent pre-adoption
. 
. **********************************************************************
. **# exercise 3 - Continuous Interacted DiD
. **********************************************************************
. 
. **## 3.1
. 
. * interacted model
.         eststo          did3: xtreg evi_med c.seed##c.bin_max_60_611 i.year, ///
>                                                 fe vce(cluster district_id)

Fixed-effects (within) regression               Number of obs     =      1,280
Group variable: district_id                     Number of groups  =         64

R-squared:                                      Obs per group:
     Within  = 0.5674                                         min =         20
     Between = 0.0035                                         avg =       20.0
     Overall = 0.1328                                         max =         20

                                                F(21, 63)         =          .
corr(u_i, Xb) = 0.0019                          Prob > F          =          .

                                      (Std. err. adjusted for 64 clusters in district_id)
-----------------------------------------------------------------------------------------
                        |               Robust
                evi_med | Coefficient  std. err.      t    P>|t|     [95% conf. interval]
------------------------+----------------------------------------------------------------
                   seed |   9.83e-06   3.41e-06     2.88   0.005     3.01e-06    .0000166
         bin_max_60_611 |  -.0202958   .0114021    -1.78   0.080     -.043081    .0024895
                        |
c.seed#c.bin_max_60_611 |   .0002264   .0000485     4.67   0.000     .0001296    .0003233
                        |
                   year |
                  2003  |  -.0081738   .0039371    -2.08   0.042    -.0160415    -.000306
                  2004  |  -.0529046   .0047477   -11.14   0.000    -.0623921   -.0434172
                  2005  |   .0113185   .0037752     3.00   0.004     .0037743    .0188626
                  2006  |   .0286864   .0043816     6.55   0.000     .0199304    .0374425
                  2007  |  -.0412701   .0065511    -6.30   0.000    -.0543615   -.0281787
                  2008  |   .0113379    .004163     2.72   0.008     .0030187     .019657
                  2009  |   .0400233   .0054758     7.31   0.000     .0290808    .0509657
                  2010  |   .0235677   .0061663     3.82   0.000     .0112454      .03589
                  2011  |   .0083384   .0046405     1.80   0.077    -.0009348    .0176116
                  2012  |   .0430827   .0061292     7.03   0.000     .0308345    .0553308
                  2013  |   .0397879   .0044566     8.93   0.000     .0308821    .0486937
                  2014  |   .0407877   .0051955     7.85   0.000     .0304054    .0511701
                  2015  |    .040847   .0072266     5.65   0.000     .0264058    .0552883
                  2016  |   .0485642   .0069967     6.94   0.000     .0345824    .0625461
                  2017  |    .051284   .0076161     6.73   0.000     .0360645    .0665035
                  2018  |   .0685969   .0067839    10.11   0.000     .0550403    .0821535
                  2019  |    .069641   .0072989     9.54   0.000     .0550553    .0842267
                  2020  |   .0349539   .0064686     5.40   0.000     .0220274    .0478803
                  2021  |   .0656325   .0074818     8.77   0.000     .0506813    .0805838
                        |
                  _cons |   .4581041   .0041348   110.79   0.000     .4498413    .4663669
------------------------+----------------------------------------------------------------
                sigma_u |  .08122415
                sigma_e |  .03013734
                    rho |  .87898948   (fraction of variance due to u_i)
-----------------------------------------------------------------------------------------

. 
. * build esttab table
.         esttab          did1 did2 did3 using "$answ/12-continuous-did.tex", replace ///
>                                                 b(3) se(3) ///
>                                                 star(* 0.10 ** 0.05 *** 0.01) ///
>                                                 stats(N r2, labels("Observations" "R-squared") ///
>                                                 noobs booktabs nonum nomtitle collabels(none) ///
>                                                 nobaselevels nogaps fragment label fmt(0 3)) ///
>                                                 prehead("\begin{tabular}{l*{3}{c}} " ///
>                                                   "\\[-1.8ex]\hline \hline \\[-1.8ex] " ///
>                                                   "& \multicolumn{3}{c}{DiD} \\ \midrule") ///
>                                                 postfoot("\hline \hline \\[-1.8ex] " ///
>                                                   "\multicolumn{4}{p{\linewidth}}{\small " ///
>                                                   "\noindent \textit{Note}: Dependent variable " ///
>                                                   "is crop yield in kg/ha. All models use " ///
>                                                   "standard errors clustered at the " ///
>                                                   "district level (in parentheses). " ///
>                                                   "* p$<0.10, ** p$<0.05, *** p$<0.01.}" ///
>                                                   "\end{tabular}")
option noobs not allowed
r(198);

end of do-file

r(198);

. do "C:\Users\jdmic\git\learn-stata\code\12-did.do"

. * course: 597a
. * assignment: 12
. * created on: 31 mar 26
. * created by: jdm
. * edited on: 31 mar 26
. * edited by: jdm
. * stata v.18.0
. 
. **********************************************************************
. **# 0 - setup
. **********************************************************************
. 
. * open log
.         cap             log close
--------------------------------------------------------------------------------------------------------------------
      name:  <unnamed>
       log:  C:\Users\jdmic\git\learn-stata\code\12-did.log
  log type:  text
 opened on:   1 Apr 2026, 09:57:42

. 
. **********************************************************************
. **# exercise 1 - Continuous Treatment DiD
. **********************************************************************
. 
. **## 1.1
. 
. * load data
.         use             "$data/panel_gis.dta", clear

.     
. * set panel   
.         xtset           district_id year

Panel variable: district_id (strongly balanced)
 Time variable: year, 2002 to 2021
         Delta: 1 unit

. 
. * continuous treatment did
.         eststo          did1: xtreg evi_med c.seed i.year, fe ///
>                                                 vce(cluster district_id)

Fixed-effects (within) regression               Number of obs     =      1,280
Group variable: district_id                     Number of groups  =         64

R-squared:                                      Obs per group:
     Within  = 0.5670                                         min =         20
     Between = 0.0036                                         avg =       20.0
     Overall = 0.1327                                         max =         20

                                                F(20, 63)         =     104.94
corr(u_i, Xb) = 0.0019                          Prob > F          =     0.0000

                           (Std. err. adjusted for 64 clusters in district_id)
------------------------------------------------------------------------------
             |               Robust
     evi_med | Coefficient  std. err.      t    P>|t|     [95% conf. interval]
-------------+----------------------------------------------------------------
        seed |   9.80e-06   3.40e-06     2.88   0.005     3.00e-06    .0000166
             |
        year |
       2003  |  -.0081738    .003934    -2.08   0.042    -.0160352   -.0003123
       2004  |  -.0529046   .0047439   -11.15   0.000    -.0623845   -.0434247
       2005  |   .0113185   .0037722     3.00   0.004     .0037803    .0188566
       2006  |   .0286864   .0043782     6.55   0.000     .0199374    .0374355
       2007  |  -.0412701   .0065459    -6.30   0.000    -.0543511   -.0281891
       2008  |   .0113379   .0041597     2.73   0.008     .0030254    .0196504
       2009  |   .0400233   .0054714     7.31   0.000     .0290895     .050957
       2010  |   .0235677   .0061614     3.83   0.000     .0112552    .0358802
       2011  |   .0083384   .0046368     1.80   0.077    -.0009274    .0176043
       2012  |   .0430827   .0061243     7.03   0.000     .0308443    .0553211
       2013  |   .0397882   .0044529     8.94   0.000     .0308897    .0486867
       2014  |   .0407886   .0051912     7.86   0.000     .0304149    .0511624
       2015  |   .0408491   .0072204     5.66   0.000     .0264204    .0552778
       2016  |   .0485674   .0069903     6.95   0.000     .0345984    .0625365
       2017  |   .0512881   .0076095     6.74   0.000     .0360818    .0664944
       2018  |   .0686437   .0067388    10.19   0.000     .0551773      .08211
       2019  |   .0701537   .0072234     9.71   0.000      .055719    .0845885
       2020  |   .0349619   .0064618     5.41   0.000      .022049    .0478747
       2021  |   .0656416   .0074726     8.78   0.000     .0507089    .0805744
             |
       _cons |   .4581041   .0041328   110.85   0.000     .4498454    .4663628
-------------+----------------------------------------------------------------
     sigma_u |  .08122385
     sigma_e |  .03012672
         rho |  .87906363   (fraction of variance due to u_i)
------------------------------------------------------------------------------

. 
. * did using didregress
.         eststo          did2: didregress (evi_med) (seed, continuous), group(district_id) ///
>                                                 time(year) vce(cluster district_id)


Difference-in-differences regression                     Number of obs = 1,280
Data type: Repeated cross-sectional

                           (Std. err. adjusted for 64 clusters in district_id)
------------------------------------------------------------------------------
             |               Robust
     evi_med | Coefficient  std. err.      t    P>|t|     [95% conf. interval]
-------------+----------------------------------------------------------------
ATET         |
        seed |   9.80e-06   3.49e-06     2.81   0.007     2.82e-06    .0000168
------------------------------------------------------------------------------
Note: ATET estimate adjusted for group effects and time effects.

.                                                 
.    esttab      did1 did2 using "$answ/12-did.tex", replace ///
>                     b(3) se(3) ///
>                     rename(seed "STRV Seed") ///
>                     keep("STRV Seed") ///
>                     star(* 0.10 ** 0.05 *** 0.01) ///
>                     stats(N r2, labels("Observations" "R-squared") fmt(0 3)) ///
>                     noobs booktabs nonum nomtitle collabels(none) ///
>                     nobaselevels nogaps fragment label ///
>                     prehead("\begin{tabular}{l*{2}{c}} " ///
>                       "\\[-1.8ex]\hline \hline \\[-1.8ex] " ///
>                       "& \multicolumn{1}{c}{xtreg} & " ///
>                       "\multicolumn{1}{c}{didreg} \\ \midrule") ///
>                     postfoot("\hline \hline \\[-1.8ex] " ///
>                       "\multicolumn{3}{p{\linewidth}}{\small " ///
>                       "\noindent \textit{Note}: Dependent variable " ///
>                       "is median EVIa. All models use " ///
>                       "standard errors clustered at the " ///
>                       "household level (in parentheses). " ///
>                       "* p$<$0.10, ** p$<$0.05, *** p$<$0.01.} " ///
>                       "\end{tabular}")
(file C:/Users/jdmic/git/learn-stata/solutions/12-did.tex not found)
(output written to C:/Users/jdmic/git/learn-stata/solutions/12-did.tex)

.                                           
. **********************************************************************
. **# exercise 2 - Parallel Trends
. **********************************************************************
. 
. **## 2.1
. 
. * find maximum seed adoption per district
.         bysort          district_id: egen max_seed = max(seed)

. 
. * get median of maximum seed
.         sum             max_seed, detail

                          max_seed
-------------------------------------------------------------
      Percentiles      Smallest
 1%            0              0
 5%            1              0
10%          2.5              0       Obs               1,280
25%        20.95              0       Sum of wgt.       1,280

50%      137.826                      Mean           409.5093
                        Largest       Std. dev.      717.9694
75%     452.1585       3636.354
90%     961.5032       3636.354       Variance       515480.1
95%     2202.877       3636.354       Skewness       2.938659
99%     3636.354       3636.354       Kurtosis       11.67241

.         local           med = r(p50)

. 
. * define early/high adoption districts vs never/low
.         gen             high_adopt = (max_seed > `med') & !missing(max_seed)

. 
. * collapse to mean by group and year
.         preserve

.         collapse        (mean) evi_med, by(high_adopt year)

. 
. * map parallel trends
.         twoway          (connected evi_med year if high_adopt == 1, ///
>                                                 lcolor(maroon)) ///
>                                         (connected evi_med year if high_adopt == 0, ///
>                                                 lcolor(navy)), xline(2011) ///
>                                                 legend(order(1 "High Adopters" ///
>                                                 2 "Low/Never Adopters")) xtitle("Year") ///
>                                                 ytitle("Mean EVI") ///
>                                                 title("Parallel Trends Check")

.         graph export    "$answ/parallel_trends.png", replace
file C:/Users/jdmic/git/learn-stata/solutions/parallel_trends.png saved as PNG format

.         restore

.         *** generally, the parallel trends appear consistent pre-adoption
. 
. **********************************************************************
. **# exercise 3 - Continuous Interacted DiD
. **********************************************************************
. 
. **## 3.1
. 
. * interacted model
.         eststo          did3: xtreg evi_med c.seed##c.bin_max_60_611 i.year, ///
>                                                 fe vce(cluster district_id)

Fixed-effects (within) regression               Number of obs     =      1,280
Group variable: district_id                     Number of groups  =         64

R-squared:                                      Obs per group:
     Within  = 0.5674                                         min =         20
     Between = 0.0035                                         avg =       20.0
     Overall = 0.1328                                         max =         20

                                                F(21, 63)         =          .
corr(u_i, Xb) = 0.0019                          Prob > F          =          .

                                      (Std. err. adjusted for 64 clusters in district_id)
-----------------------------------------------------------------------------------------
                        |               Robust
                evi_med | Coefficient  std. err.      t    P>|t|     [95% conf. interval]
------------------------+----------------------------------------------------------------
                   seed |   9.83e-06   3.41e-06     2.88   0.005     3.01e-06    .0000166
         bin_max_60_611 |  -.0202958   .0114021    -1.78   0.080     -.043081    .0024895
                        |
c.seed#c.bin_max_60_611 |   .0002264   .0000485     4.67   0.000     .0001296    .0003233
                        |
                   year |
                  2003  |  -.0081738   .0039371    -2.08   0.042    -.0160415    -.000306
                  2004  |  -.0529046   .0047477   -11.14   0.000    -.0623921   -.0434172
                  2005  |   .0113185   .0037752     3.00   0.004     .0037743    .0188626
                  2006  |   .0286864   .0043816     6.55   0.000     .0199304    .0374425
                  2007  |  -.0412701   .0065511    -6.30   0.000    -.0543615   -.0281787
                  2008  |   .0113379    .004163     2.72   0.008     .0030187     .019657
                  2009  |   .0400233   .0054758     7.31   0.000     .0290808    .0509657
                  2010  |   .0235677   .0061663     3.82   0.000     .0112454      .03589
                  2011  |   .0083384   .0046405     1.80   0.077    -.0009348    .0176116
                  2012  |   .0430827   .0061292     7.03   0.000     .0308345    .0553308
                  2013  |   .0397879   .0044566     8.93   0.000     .0308821    .0486937
                  2014  |   .0407877   .0051955     7.85   0.000     .0304054    .0511701
                  2015  |    .040847   .0072266     5.65   0.000     .0264058    .0552883
                  2016  |   .0485642   .0069967     6.94   0.000     .0345824    .0625461
                  2017  |    .051284   .0076161     6.73   0.000     .0360645    .0665035
                  2018  |   .0685969   .0067839    10.11   0.000     .0550403    .0821535
                  2019  |    .069641   .0072989     9.54   0.000     .0550553    .0842267
                  2020  |   .0349539   .0064686     5.40   0.000     .0220274    .0478803
                  2021  |   .0656325   .0074818     8.77   0.000     .0506813    .0805838
                        |
                  _cons |   .4581041   .0041348   110.79   0.000     .4498413    .4663669
------------------------+----------------------------------------------------------------
                sigma_u |  .08122415
                sigma_e |  .03013734
                    rho |  .87898948   (fraction of variance due to u_i)
-----------------------------------------------------------------------------------------

. 
. * build esttab table
.         esttab          did1 did2 did3 using "$answ/12-interaction-did.tex", replace ///
>                                                 b(3) se(3) ///
>                                                 star(* 0.10 ** 0.05 *** 0.01) ///
>                                                 stats(N r2, labels("Observations" "R-squared") ///
>                                                 noobs booktabs nonum nomtitle collabels(none) ///
>                                                 nobaselevels nogaps fragment label fmt(0 3)) ///
>                                                 prehead("\begin{tabular}{l*{3}{c}} " ///
>                                                   "\\[-1.8ex]\hline \hline \\[-1.8ex] " ///
>                                                   "& \multicolumn{3}{c}{DiD} \\ \midrule") ///
>                                                 postfoot("\hline \hline \\[-1.8ex] " ///
>                                                   "\multicolumn{4}{p{\linewidth}}{\small " ///
>                                                   "\noindent \textit{Note}: Dependent variable " ///
>                                                   "is crop yield in kg/ha. All models use " ///
>                                                   "standard errors clustered at the " ///
>                                                   "district level (in parentheses). " ///
>                                                   "* p$<0.10, ** p$<0.05, *** p$<0.01.}" ///
>                                                   "\end{tabular}")
option noobs not allowed
r(198);

end of do-file

r(198);

. do "C:\Users\jdmic\git\learn-stata\code\12-did.do"

. * course: 597a
. * assignment: 12
. * created on: 31 mar 26
. * created by: jdm
. * edited on: 31 mar 26
. * edited by: jdm
. * stata v.18.0
. 
. **********************************************************************
. **# 0 - setup
. **********************************************************************
. 
. * open log
.         cap             log close
--------------------------------------------------------------------------------------------------------------------
      name:  <unnamed>
       log:  C:\Users\jdmic\git\learn-stata\code\12-did.log
  log type:  text
 opened on:   1 Apr 2026, 09:58:18

. 
. **********************************************************************
. **# exercise 1 - Continuous Treatment DiD
. **********************************************************************
. 
. **## 1.1
. 
. * load data
.         use             "$data/panel_gis.dta", clear

.     
. * set panel   
.         xtset           district_id year

Panel variable: district_id (strongly balanced)
 Time variable: year, 2002 to 2021
         Delta: 1 unit

. 
. * continuous treatment did
.         eststo          did1: xtreg evi_med c.seed i.year, fe ///
>                                                 vce(cluster district_id)

Fixed-effects (within) regression               Number of obs     =      1,280
Group variable: district_id                     Number of groups  =         64

R-squared:                                      Obs per group:
     Within  = 0.5670                                         min =         20
     Between = 0.0036                                         avg =       20.0
     Overall = 0.1327                                         max =         20

                                                F(20, 63)         =     104.94
corr(u_i, Xb) = 0.0019                          Prob > F          =     0.0000

                           (Std. err. adjusted for 64 clusters in district_id)
------------------------------------------------------------------------------
             |               Robust
     evi_med | Coefficient  std. err.      t    P>|t|     [95% conf. interval]
-------------+----------------------------------------------------------------
        seed |   9.80e-06   3.40e-06     2.88   0.005     3.00e-06    .0000166
             |
        year |
       2003  |  -.0081738    .003934    -2.08   0.042    -.0160352   -.0003123
       2004  |  -.0529046   .0047439   -11.15   0.000    -.0623845   -.0434247
       2005  |   .0113185   .0037722     3.00   0.004     .0037803    .0188566
       2006  |   .0286864   .0043782     6.55   0.000     .0199374    .0374355
       2007  |  -.0412701   .0065459    -6.30   0.000    -.0543511   -.0281891
       2008  |   .0113379   .0041597     2.73   0.008     .0030254    .0196504
       2009  |   .0400233   .0054714     7.31   0.000     .0290895     .050957
       2010  |   .0235677   .0061614     3.83   0.000     .0112552    .0358802
       2011  |   .0083384   .0046368     1.80   0.077    -.0009274    .0176043
       2012  |   .0430827   .0061243     7.03   0.000     .0308443    .0553211
       2013  |   .0397882   .0044529     8.94   0.000     .0308897    .0486867
       2014  |   .0407886   .0051912     7.86   0.000     .0304149    .0511624
       2015  |   .0408491   .0072204     5.66   0.000     .0264204    .0552778
       2016  |   .0485674   .0069903     6.95   0.000     .0345984    .0625365
       2017  |   .0512881   .0076095     6.74   0.000     .0360818    .0664944
       2018  |   .0686437   .0067388    10.19   0.000     .0551773      .08211
       2019  |   .0701537   .0072234     9.71   0.000      .055719    .0845885
       2020  |   .0349619   .0064618     5.41   0.000      .022049    .0478747
       2021  |   .0656416   .0074726     8.78   0.000     .0507089    .0805744
             |
       _cons |   .4581041   .0041328   110.85   0.000     .4498454    .4663628
-------------+----------------------------------------------------------------
     sigma_u |  .08122385
     sigma_e |  .03012672
         rho |  .87906363   (fraction of variance due to u_i)
------------------------------------------------------------------------------

. 
. * did using didregress
.         eststo          did2: didregress (evi_med) (seed, continuous), group(district_id) ///
>                                                 time(year) vce(cluster district_id)


Difference-in-differences regression                     Number of obs = 1,280
Data type: Repeated cross-sectional

                           (Std. err. adjusted for 64 clusters in district_id)
------------------------------------------------------------------------------
             |               Robust
     evi_med | Coefficient  std. err.      t    P>|t|     [95% conf. interval]
-------------+----------------------------------------------------------------
ATET         |
        seed |   9.80e-06   3.49e-06     2.81   0.007     2.82e-06    .0000168
------------------------------------------------------------------------------
Note: ATET estimate adjusted for group effects and time effects.

.                                                 
.    esttab      did1 did2 using "$answ/12-did.tex", replace ///
>                     b(3) se(3) ///
>                     rename(seed "STRV Seed") ///
>                     keep("STRV Seed") ///
>                     star(* 0.10 ** 0.05 *** 0.01) ///
>                     stats(N r2, labels("Observations" "R-squared") fmt(0 3)) ///
>                     noobs booktabs nonum nomtitle collabels(none) ///
>                     nobaselevels nogaps fragment label ///
>                     prehead("\begin{tabular}{l*{2}{c}} " ///
>                       "\\[-1.8ex]\hline \hline \\[-1.8ex] " ///
>                       "& \multicolumn{1}{c}{xtreg} & " ///
>                       "\multicolumn{1}{c}{didreg} \\ \midrule") ///
>                     postfoot("\hline \hline \\[-1.8ex] " ///
>                       "\multicolumn{3}{p{\linewidth}}{\small " ///
>                       "\noindent \textit{Note}: Dependent variable " ///
>                       "is median EVIa. All models use " ///
>                       "standard errors clustered at the " ///
>                       "household level (in parentheses). " ///
>                       "* p$<$0.10, ** p$<$0.05, *** p$<$0.01.} " ///
>                       "\end{tabular}")
(output written to C:/Users/jdmic/git/learn-stata/solutions/12-did.tex)

.                                           
. **********************************************************************
. **# exercise 2 - Parallel Trends
. **********************************************************************
. 
. **## 2.1
. 
. * find maximum seed adoption per district
.         bysort          district_id: egen max_seed = max(seed)

. 
. * get median of maximum seed
.         sum             max_seed, detail

                          max_seed
-------------------------------------------------------------
      Percentiles      Smallest
 1%            0              0
 5%            1              0
10%          2.5              0       Obs               1,280
25%        20.95              0       Sum of wgt.       1,280

50%      137.826                      Mean           409.5093
                        Largest       Std. dev.      717.9694
75%     452.1585       3636.354
90%     961.5032       3636.354       Variance       515480.1
95%     2202.877       3636.354       Skewness       2.938659
99%     3636.354       3636.354       Kurtosis       11.67241

.         local           med = r(p50)

. 
. * define early/high adoption districts vs never/low
.         gen             high_adopt = (max_seed > `med') & !missing(max_seed)

. 
. * collapse to mean by group and year
.         preserve

.         collapse        (mean) evi_med, by(high_adopt year)

. 
. * map parallel trends
.         twoway          (connected evi_med year if high_adopt == 1, ///
>                                                 lcolor(maroon)) ///
>                                         (connected evi_med year if high_adopt == 0, ///
>                                                 lcolor(navy)), xline(2011) ///
>                                                 legend(order(1 "High Adopters" ///
>                                                 2 "Low/Never Adopters")) xtitle("Year") ///
>                                                 ytitle("Mean EVI") ///
>                                                 title("Parallel Trends Check")

.         graph export    "$answ/parallel_trends.png", replace
file C:/Users/jdmic/git/learn-stata/solutions/parallel_trends.png saved as PNG format

.         restore

.         *** generally, the parallel trends appear consistent pre-adoption
. 
. **********************************************************************
. **# exercise 3 - Continuous Interacted DiD
. **********************************************************************
. 
. **## 3.1
. 
. * interacted model
.         eststo          did3: xtreg evi_med c.seed##c.bin_max_60_611 i.year, ///
>                                                 fe vce(cluster district_id)

Fixed-effects (within) regression               Number of obs     =      1,280
Group variable: district_id                     Number of groups  =         64

R-squared:                                      Obs per group:
     Within  = 0.5674                                         min =         20
     Between = 0.0035                                         avg =       20.0
     Overall = 0.1328                                         max =         20

                                                F(21, 63)         =          .
corr(u_i, Xb) = 0.0019                          Prob > F          =          .

                                      (Std. err. adjusted for 64 clusters in district_id)
-----------------------------------------------------------------------------------------
                        |               Robust
                evi_med | Coefficient  std. err.      t    P>|t|     [95% conf. interval]
------------------------+----------------------------------------------------------------
                   seed |   9.83e-06   3.41e-06     2.88   0.005     3.01e-06    .0000166
         bin_max_60_611 |  -.0202958   .0114021    -1.78   0.080     -.043081    .0024895
                        |
c.seed#c.bin_max_60_611 |   .0002264   .0000485     4.67   0.000     .0001296    .0003233
                        |
                   year |
                  2003  |  -.0081738   .0039371    -2.08   0.042    -.0160415    -.000306
                  2004  |  -.0529046   .0047477   -11.14   0.000    -.0623921   -.0434172
                  2005  |   .0113185   .0037752     3.00   0.004     .0037743    .0188626
                  2006  |   .0286864   .0043816     6.55   0.000     .0199304    .0374425
                  2007  |  -.0412701   .0065511    -6.30   0.000    -.0543615   -.0281787
                  2008  |   .0113379    .004163     2.72   0.008     .0030187     .019657
                  2009  |   .0400233   .0054758     7.31   0.000     .0290808    .0509657
                  2010  |   .0235677   .0061663     3.82   0.000     .0112454      .03589
                  2011  |   .0083384   .0046405     1.80   0.077    -.0009348    .0176116
                  2012  |   .0430827   .0061292     7.03   0.000     .0308345    .0553308
                  2013  |   .0397879   .0044566     8.93   0.000     .0308821    .0486937
                  2014  |   .0407877   .0051955     7.85   0.000     .0304054    .0511701
                  2015  |    .040847   .0072266     5.65   0.000     .0264058    .0552883
                  2016  |   .0485642   .0069967     6.94   0.000     .0345824    .0625461
                  2017  |    .051284   .0076161     6.73   0.000     .0360645    .0665035
                  2018  |   .0685969   .0067839    10.11   0.000     .0550403    .0821535
                  2019  |    .069641   .0072989     9.54   0.000     .0550553    .0842267
                  2020  |   .0349539   .0064686     5.40   0.000     .0220274    .0478803
                  2021  |   .0656325   .0074818     8.77   0.000     .0506813    .0805838
                        |
                  _cons |   .4581041   .0041348   110.79   0.000     .4498413    .4663669
------------------------+----------------------------------------------------------------
                sigma_u |  .08122415
                sigma_e |  .03013734
                    rho |  .87898948   (fraction of variance due to u_i)
-----------------------------------------------------------------------------------------

. 
. * build esttab table
. 
.    esttab      did1 did2 did3 using "$answ/12-interact-did.tex", replace ///
>                     b(3) se(3) ///
>                     rename(seed "STRV Seed") ///
>                     keep("STRV Seed") ///
>                     star(* 0.10 ** 0.05 *** 0.01) ///
>                     stats(N r2, labels("Observations" "R-squared") fmt(0 3)) ///
>                     noobs booktabs nonum nomtitle collabels(none) ///
>                     nobaselevels nogaps fragment label ///
>                     prehead("\begin{tabular}{l*{2}{c}} " ///
>                       "\\[-1.8ex]\hline \hline \\[-1.8ex] " ///
>                       "& \multicolumn{1}{c}{xtreg} & " ///
>                       "\multicolumn{1}{c}{didreg} \\ \midrule") ///
>                     postfoot("\hline \hline \\[-1.8ex] " ///
>                       "\multicolumn{3}{p{\linewidth}}{\small " ///
>                       "\noindent \textit{Note}: Dependent variable " ///
>                       "is median EVIa. All models use " ///
>                       "standard errors clustered at the " ///
>                       "household level (in parentheses). " ///
>                       "* p$<$0.10, ** p$<$0.05, *** p$<$0.01.} " ///
>                       "\end{tabular}")
(file C:/Users/jdmic/git/learn-stata/solutions/12-interact-did.tex not found)
(output written to C:/Users/jdmic/git/learn-stata/solutions/12-interact-did.tex)

. 
. **********************************************************************
. **# 4 - end matter
. **********************************************************************
. 
. * close log
.         cap             log close
--------------------------------------------------------------------------------------------------------------------
      name:  <unnamed>
       log:  C:\Users\jdmic\git\learn-stata\code\12-did.log
  log type:  text
 opened on:   1 Apr 2026, 10:01:16

. 
. **********************************************************************
. **# exercise 1 - Continuous Treatment DiD
. **********************************************************************
. 
. **## 1.1
. 
. * load data
.         use             "$data/panel_gis.dta", clear

.     
. * set panel   
.         xtset           district_id year

Panel variable: district_id (strongly balanced)
 Time variable: year, 2002 to 2021
         Delta: 1 unit

. 
. * continuous treatment did
.         eststo          did1: xtreg evi_med c.seed i.year, fe ///
>                                                 vce(cluster district_id)

Fixed-effects (within) regression               Number of obs     =      1,280
Group variable: district_id                     Number of groups  =         64

R-squared:                                      Obs per group:
     Within  = 0.5670                                         min =         20
     Between = 0.0036                                         avg =       20.0
     Overall = 0.1327                                         max =         20

                                                F(20, 63)         =     104.94
corr(u_i, Xb) = 0.0019                          Prob > F          =     0.0000

                           (Std. err. adjusted for 64 clusters in district_id)
------------------------------------------------------------------------------
             |               Robust
     evi_med | Coefficient  std. err.      t    P>|t|     [95% conf. interval]
-------------+----------------------------------------------------------------
        seed |   9.80e-06   3.40e-06     2.88   0.005     3.00e-06    .0000166
             |
        year |
       2003  |  -.0081738    .003934    -2.08   0.042    -.0160352   -.0003123
       2004  |  -.0529046   .0047439   -11.15   0.000    -.0623845   -.0434247
       2005  |   .0113185   .0037722     3.00   0.004     .0037803    .0188566
       2006  |   .0286864   .0043782     6.55   0.000     .0199374    .0374355
       2007  |  -.0412701   .0065459    -6.30   0.000    -.0543511   -.0281891
       2008  |   .0113379   .0041597     2.73   0.008     .0030254    .0196504
       2009  |   .0400233   .0054714     7.31   0.000     .0290895     .050957
       2010  |   .0235677   .0061614     3.83   0.000     .0112552    .0358802
       2011  |   .0083384   .0046368     1.80   0.077    -.0009274    .0176043
       2012  |   .0430827   .0061243     7.03   0.000     .0308443    .0553211
       2013  |   .0397882   .0044529     8.94   0.000     .0308897    .0486867
       2014  |   .0407886   .0051912     7.86   0.000     .0304149    .0511624
       2015  |   .0408491   .0072204     5.66   0.000     .0264204    .0552778
       2016  |   .0485674   .0069903     6.95   0.000     .0345984    .0625365
       2017  |   .0512881   .0076095     6.74   0.000     .0360818    .0664944
       2018  |   .0686437   .0067388    10.19   0.000     .0551773      .08211
       2019  |   .0701537   .0072234     9.71   0.000      .055719    .0845885
       2020  |   .0349619   .0064618     5.41   0.000      .022049    .0478747
       2021  |   .0656416   .0074726     8.78   0.000     .0507089    .0805744
             |
       _cons |   .4581041   .0041328   110.85   0.000     .4498454    .4663628
-------------+----------------------------------------------------------------
     sigma_u |  .08122385
     sigma_e |  .03012672
         rho |  .87906363   (fraction of variance due to u_i)
------------------------------------------------------------------------------

. 
. * did using didregress
.         eststo          did2: didregress (evi_med) (seed, continuous), group(district_id) ///
>                                                 time(year) vce(cluster district_id)


Difference-in-differences regression                     Number of obs = 1,280
Data type: Repeated cross-sectional

                           (Std. err. adjusted for 64 clusters in district_id)
------------------------------------------------------------------------------
             |               Robust
     evi_med | Coefficient  std. err.      t    P>|t|     [95% conf. interval]
-------------+----------------------------------------------------------------
ATET         |
        seed |   9.80e-06   3.49e-06     2.81   0.007     2.82e-06    .0000168
------------------------------------------------------------------------------
Note: ATET estimate adjusted for group effects and time effects.

.                                                 
.    esttab      did1 did2 using "$answ/12-did.tex", replace ///
>                     b(3) se(3) ///
>                     rename(seed "STRV Seed") ///
>                     keep("STRV Seed") ///
>                     star(* 0.10 ** 0.05 *** 0.01) ///
>                     stats(N r2, labels("Observations" "R-squared") fmt(0 3)) ///
>                     noobs booktabs nonum nomtitle collabels(none) ///
>                     nobaselevels nogaps fragment label ///
>                     prehead("\begin{tabular}{l*{2}{c}} " ///
>                       "\\[-1.8ex]\hline \hline \\[-1.8ex] " ///
>                       "& \multicolumn{1}{c}{xtreg} & " ///
>                       "\multicolumn{1}{c}{didreg} \\ \midrule") ///
>                     postfoot("\hline \hline \\[-1.8ex] " ///
>                       "\multicolumn{3}{p{\linewidth}}{\small " ///
>                       "\noindent \textit{Note}: Dependent variable " ///
>                       "is median EVIa. All models use " ///
>                       "standard errors clustered at the " ///
>                       "household level (in parentheses). " ///
>                       "* p$<$0.10, ** p$<$0.05, *** p$<$0.01.} " ///
>                       "\end{tabular}")
(output written to C:/Users/jdmic/git/learn-stata/solutions/12-did.tex)

.                                           
. **********************************************************************
. **# exercise 2 - Parallel Trends
. **********************************************************************
. 
. **## 2.1
. 
. * find maximum seed adoption per district
.         bysort          district_id: egen max_seed = max(seed)

. 
. * get median of maximum seed
.         sum             max_seed, detail

                          max_seed
-------------------------------------------------------------
      Percentiles      Smallest
 1%            0              0
 5%            1              0
10%          2.5              0       Obs               1,280
25%        20.95              0       Sum of wgt.       1,280

50%      137.826                      Mean           409.5093
                        Largest       Std. dev.      717.9694
75%     452.1585       3636.354
90%     961.5032       3636.354       Variance       515480.1
95%     2202.877       3636.354       Skewness       2.938659
99%     3636.354       3636.354       Kurtosis       11.67241

.         local           med = r(p50)

. 
. * define early/high adoption districts vs never/low
.         gen             high_adopt = (max_seed > `med') & !missing(max_seed)

. 
. * collapse to mean by group and year
.         preserve

.         collapse        (mean) evi_med, by(high_adopt year)

. 
. * map parallel trends
.         twoway          (connected evi_med year if high_adopt == 1, ///
>                                                 lcolor(maroon)) ///
>                                         (connected evi_med year if high_adopt == 0, ///
>                                                 lcolor(navy)), xline(2011) ///
>                                                 legend(order(1 "High Adopters" ///
>                                                 2 "Low/Never Adopters")) xtitle("Year") ///
>                                                 ytitle("Mean EVI") ///
>                                                 title("Parallel Trends Check")

.         graph export    "$answ/parallel_trends.png", replace
file C:/Users/jdmic/git/learn-stata/solutions/parallel_trends.png saved as PNG format

.         restore

.         *** generally, the parallel trends appear consistent pre-adoption
. 
. **********************************************************************
. **# exercise 3 - Continuous Interacted DiD
. **********************************************************************
. 
. **## 3.1
. 
. * interacted model
.         eststo          did3: xtreg evi_med c.seed##c.bin_max_60_611 i.year, ///
>                                                 fe vce(cluster district_id)

Fixed-effects (within) regression               Number of obs     =      1,280
Group variable: district_id                     Number of groups  =         64

R-squared:                                      Obs per group:
     Within  = 0.5674                                         min =         20
     Between = 0.0035                                         avg =       20.0
     Overall = 0.1328                                         max =         20

                                                F(21, 63)         =          .
corr(u_i, Xb) = 0.0019                          Prob > F          =          .

                                      (Std. err. adjusted for 64 clusters in district_id)
-----------------------------------------------------------------------------------------
                        |               Robust
                evi_med | Coefficient  std. err.      t    P>|t|     [95% conf. interval]
------------------------+----------------------------------------------------------------
                   seed |   9.83e-06   3.41e-06     2.88   0.005     3.01e-06    .0000166
         bin_max_60_611 |  -.0202958   .0114021    -1.78   0.080     -.043081    .0024895
                        |
c.seed#c.bin_max_60_611 |   .0002264   .0000485     4.67   0.000     .0001296    .0003233
                        |
                   year |
                  2003  |  -.0081738   .0039371    -2.08   0.042    -.0160415    -.000306
                  2004  |  -.0529046   .0047477   -11.14   0.000    -.0623921   -.0434172
                  2005  |   .0113185   .0037752     3.00   0.004     .0037743    .0188626
                  2006  |   .0286864   .0043816     6.55   0.000     .0199304    .0374425
                  2007  |  -.0412701   .0065511    -6.30   0.000    -.0543615   -.0281787
                  2008  |   .0113379    .004163     2.72   0.008     .0030187     .019657
                  2009  |   .0400233   .0054758     7.31   0.000     .0290808    .0509657
                  2010  |   .0235677   .0061663     3.82   0.000     .0112454      .03589
                  2011  |   .0083384   .0046405     1.80   0.077    -.0009348    .0176116
                  2012  |   .0430827   .0061292     7.03   0.000     .0308345    .0553308
                  2013  |   .0397879   .0044566     8.93   0.000     .0308821    .0486937
                  2014  |   .0407877   .0051955     7.85   0.000     .0304054    .0511701
                  2015  |    .040847   .0072266     5.65   0.000     .0264058    .0552883
                  2016  |   .0485642   .0069967     6.94   0.000     .0345824    .0625461
                  2017  |    .051284   .0076161     6.73   0.000     .0360645    .0665035
                  2018  |   .0685969   .0067839    10.11   0.000     .0550403    .0821535
                  2019  |    .069641   .0072989     9.54   0.000     .0550553    .0842267
                  2020  |   .0349539   .0064686     5.40   0.000     .0220274    .0478803
                  2021  |   .0656325   .0074818     8.77   0.000     .0506813    .0805838
                        |
                  _cons |   .4581041   .0041348   110.79   0.000     .4498413    .4663669
------------------------+----------------------------------------------------------------
                sigma_u |  .08122415
                sigma_e |  .03013734
                    rho |  .87898948   (fraction of variance due to u_i)
-----------------------------------------------------------------------------------------

. 
. * build esttab table
. 
.    esttab      did1 did2 did3 using "$answ/12-interact-did.tex", replace ///
>                     b(3) se(3) ///
>                     rename(seed "STRV Seed") ///
>                     keep("STRV Seed") ///
>                     star(* 0.10 ** 0.05 *** 0.01) ///
>                     stats(N r2, labels("Observations" "R-squared") fmt(0 3)) ///
>                     noobs booktabs nonum nomtitle collabels(none) ///
>                     nobaselevels nogaps fragment label ///
>                     prehead("\begin{tabular}{l*{3}{c}} " ///
>                       "\\[-1.8ex]\hline \hline \\[-1.8ex] " ///
>                       "& \multicolumn{1}{c}{xtreg} & " ///
>                       "\multicolumn{1}{c}{didreg} & " ///
>                                           "\multicolumn{1}{c}{inter} \\ \midrule") ///
>                     postfoot("\hline \hline \\[-1.8ex] " ///
>                       "\multicolumn{4}{p{\linewidth}}{\small " ///
>                       "\noindent \textit{Note}: Dependent variable " ///
>                       "is median EVIa. All models use " ///
>                       "standard errors clustered at the " ///
>                       "household level (in parentheses). " ///
>                       "* p$<$0.10, ** p$<$0.05, *** p$<$0.01.} " ///
>                       "\end{tabular}")
(output written to C:/Users/jdmic/git/learn-stata/solutions/12-interact-did.tex)

. 
. **********************************************************************
. **# 4 - end matter
. **********************************************************************
. 
. * close log
.         cap             log close
--------------------------------------------------------------------------------------------------------------------
      name:  <unnamed>
       log:  C:\Users\jdmic\git\learn-stata\code\12-did.log
  log type:  text
 opened on:   1 Apr 2026, 10:02:28

. 
. **********************************************************************
. **# exercise 1 - Continuous Treatment DiD
. **********************************************************************
. 
. **## 1.1
. 
. * load data
.         use             "$data/panel_gis.dta", clear

.     
. * set panel   
.         xtset           district_id year

Panel variable: district_id (strongly balanced)
 Time variable: year, 2002 to 2021
         Delta: 1 unit

. 
. * continuous treatment did
.         eststo          did1: xtreg evi_med c.seed i.year, fe ///
>                                                 vce(cluster district_id)

Fixed-effects (within) regression               Number of obs     =      1,280
Group variable: district_id                     Number of groups  =         64

R-squared:                                      Obs per group:
     Within  = 0.5670                                         min =         20
     Between = 0.0036                                         avg =       20.0
     Overall = 0.1327                                         max =         20

                                                F(20, 63)         =     104.94
corr(u_i, Xb) = 0.0019                          Prob > F          =     0.0000

                           (Std. err. adjusted for 64 clusters in district_id)
------------------------------------------------------------------------------
             |               Robust
     evi_med | Coefficient  std. err.      t    P>|t|     [95% conf. interval]
-------------+----------------------------------------------------------------
        seed |   9.80e-06   3.40e-06     2.88   0.005     3.00e-06    .0000166
             |
        year |
       2003  |  -.0081738    .003934    -2.08   0.042    -.0160352   -.0003123
       2004  |  -.0529046   .0047439   -11.15   0.000    -.0623845   -.0434247
       2005  |   .0113185   .0037722     3.00   0.004     .0037803    .0188566
       2006  |   .0286864   .0043782     6.55   0.000     .0199374    .0374355
       2007  |  -.0412701   .0065459    -6.30   0.000    -.0543511   -.0281891
       2008  |   .0113379   .0041597     2.73   0.008     .0030254    .0196504
       2009  |   .0400233   .0054714     7.31   0.000     .0290895     .050957
       2010  |   .0235677   .0061614     3.83   0.000     .0112552    .0358802
       2011  |   .0083384   .0046368     1.80   0.077    -.0009274    .0176043
       2012  |   .0430827   .0061243     7.03   0.000     .0308443    .0553211
       2013  |   .0397882   .0044529     8.94   0.000     .0308897    .0486867
       2014  |   .0407886   .0051912     7.86   0.000     .0304149    .0511624
       2015  |   .0408491   .0072204     5.66   0.000     .0264204    .0552778
       2016  |   .0485674   .0069903     6.95   0.000     .0345984    .0625365
       2017  |   .0512881   .0076095     6.74   0.000     .0360818    .0664944
       2018  |   .0686437   .0067388    10.19   0.000     .0551773      .08211
       2019  |   .0701537   .0072234     9.71   0.000      .055719    .0845885
       2020  |   .0349619   .0064618     5.41   0.000      .022049    .0478747
       2021  |   .0656416   .0074726     8.78   0.000     .0507089    .0805744
             |
       _cons |   .4581041   .0041328   110.85   0.000     .4498454    .4663628
-------------+----------------------------------------------------------------
     sigma_u |  .08122385
     sigma_e |  .03012672
         rho |  .87906363   (fraction of variance due to u_i)
------------------------------------------------------------------------------

. 
. * did using didregress
.         eststo          did2: didregress (evi_med) (seed, continuous), group(district_id) ///
>                                                 time(year) vce(cluster district_id)


Difference-in-differences regression                     Number of obs = 1,280
Data type: Repeated cross-sectional

                           (Std. err. adjusted for 64 clusters in district_id)
------------------------------------------------------------------------------
             |               Robust
     evi_med | Coefficient  std. err.      t    P>|t|     [95% conf. interval]
-------------+----------------------------------------------------------------
ATET         |
        seed |   9.80e-06   3.49e-06     2.81   0.007     2.82e-06    .0000168
------------------------------------------------------------------------------
Note: ATET estimate adjusted for group effects and time effects.

.                                                 
.    esttab      did1 did2 using "$answ/12-did.tex", replace ///
>                     b(4) se(4) ///
>                     rename(seed "STRV Seed") ///
>                     keep("STRV Seed") ///
>                     star(* 0.10 ** 0.05 *** 0.01) ///
>                     stats(N r2, labels("Observations" "R-squared") fmt(0 3)) ///
>                     noobs booktabs nonum nomtitle collabels(none) ///
>                     nobaselevels nogaps fragment label ///
>                     prehead("\begin{tabular}{l*{2}{c}} " ///
>                       "\\[-1.8ex]\hline \hline \\[-1.8ex] " ///
>                       "& \multicolumn{1}{c}{xtreg} & " ///
>                       "\multicolumn{1}{c}{didreg} \\ \midrule") ///
>                     postfoot("\hline \hline \\[-1.8ex] " ///
>                       "\multicolumn{3}{p{\linewidth}}{\small " ///
>                       "\noindent \textit{Note}: Dependent variable " ///
>                       "is median EVIa. All models use " ///
>                       "standard errors clustered at the " ///
>                       "household level (in parentheses). " ///
>                       "* p$<$0.10, ** p$<$0.05, *** p$<$0.01.} " ///
>                       "\end{tabular}")
(output written to C:/Users/jdmic/git/learn-stata/solutions/12-did.tex)

.                                           
. **********************************************************************
. **# exercise 2 - Parallel Trends
. **********************************************************************
. 
. **## 2.1
. 
. * find maximum seed adoption per district
.         bysort          district_id: egen max_seed = max(seed)

. 
. * get median of maximum seed
.         sum             max_seed, detail

                          max_seed
-------------------------------------------------------------
      Percentiles      Smallest
 1%            0              0
 5%            1              0
10%          2.5              0       Obs               1,280
25%        20.95              0       Sum of wgt.       1,280

50%      137.826                      Mean           409.5093
                        Largest       Std. dev.      717.9694
75%     452.1585       3636.354
90%     961.5032       3636.354       Variance       515480.1
95%     2202.877       3636.354       Skewness       2.938659
99%     3636.354       3636.354       Kurtosis       11.67241

.         local           med = r(p50)

. 
. * define early/high adoption districts vs never/low
.         gen             high_adopt = (max_seed > `med') & !missing(max_seed)

. 
. * collapse to mean by group and year
.         preserve

.         collapse        (mean) evi_med, by(high_adopt year)

. 
. * map parallel trends
.         twoway          (connected evi_med year if high_adopt == 1, ///
>                                                 lcolor(maroon)) ///
>                                         (connected evi_med year if high_adopt == 0, ///
>                                                 lcolor(navy)), xline(2011) ///
>                                                 legend(order(1 "High Adopters" ///
>                                                 2 "Low/Never Adopters")) xtitle("Year") ///
>                                                 ytitle("Mean EVI") ///
>                                                 title("Parallel Trends Check")

.         graph export    "$answ/parallel_trends.png", replace
file C:/Users/jdmic/git/learn-stata/solutions/parallel_trends.png saved as PNG format

.         restore

.         *** generally, the parallel trends appear consistent pre-adoption
. 
. **********************************************************************
. **# exercise 3 - Continuous Interacted DiD
. **********************************************************************
. 
. **## 3.1
. 
. * interacted model
.         eststo          did3: xtreg evi_med c.seed##c.bin_max_60_611 i.year, ///
>                                                 fe vce(cluster district_id)

Fixed-effects (within) regression               Number of obs     =      1,280
Group variable: district_id                     Number of groups  =         64

R-squared:                                      Obs per group:
     Within  = 0.5674                                         min =         20
     Between = 0.0035                                         avg =       20.0
     Overall = 0.1328                                         max =         20

                                                F(21, 63)         =          .
corr(u_i, Xb) = 0.0019                          Prob > F          =          .

                                      (Std. err. adjusted for 64 clusters in district_id)
-----------------------------------------------------------------------------------------
                        |               Robust
                evi_med | Coefficient  std. err.      t    P>|t|     [95% conf. interval]
------------------------+----------------------------------------------------------------
                   seed |   9.83e-06   3.41e-06     2.88   0.005     3.01e-06    .0000166
         bin_max_60_611 |  -.0202958   .0114021    -1.78   0.080     -.043081    .0024895
                        |
c.seed#c.bin_max_60_611 |   .0002264   .0000485     4.67   0.000     .0001296    .0003233
                        |
                   year |
                  2003  |  -.0081738   .0039371    -2.08   0.042    -.0160415    -.000306
                  2004  |  -.0529046   .0047477   -11.14   0.000    -.0623921   -.0434172
                  2005  |   .0113185   .0037752     3.00   0.004     .0037743    .0188626
                  2006  |   .0286864   .0043816     6.55   0.000     .0199304    .0374425
                  2007  |  -.0412701   .0065511    -6.30   0.000    -.0543615   -.0281787
                  2008  |   .0113379    .004163     2.72   0.008     .0030187     .019657
                  2009  |   .0400233   .0054758     7.31   0.000     .0290808    .0509657
                  2010  |   .0235677   .0061663     3.82   0.000     .0112454      .03589
                  2011  |   .0083384   .0046405     1.80   0.077    -.0009348    .0176116
                  2012  |   .0430827   .0061292     7.03   0.000     .0308345    .0553308
                  2013  |   .0397879   .0044566     8.93   0.000     .0308821    .0486937
                  2014  |   .0407877   .0051955     7.85   0.000     .0304054    .0511701
                  2015  |    .040847   .0072266     5.65   0.000     .0264058    .0552883
                  2016  |   .0485642   .0069967     6.94   0.000     .0345824    .0625461
                  2017  |    .051284   .0076161     6.73   0.000     .0360645    .0665035
                  2018  |   .0685969   .0067839    10.11   0.000     .0550403    .0821535
                  2019  |    .069641   .0072989     9.54   0.000     .0550553    .0842267
                  2020  |   .0349539   .0064686     5.40   0.000     .0220274    .0478803
                  2021  |   .0656325   .0074818     8.77   0.000     .0506813    .0805838
                        |
                  _cons |   .4581041   .0041348   110.79   0.000     .4498413    .4663669
------------------------+----------------------------------------------------------------
                sigma_u |  .08122415
                sigma_e |  .03013734
                    rho |  .87898948   (fraction of variance due to u_i)
-----------------------------------------------------------------------------------------

. 
. * build esttab table
. 
.    esttab      did1 did2 did3 using "$answ/12-interact-did.tex", replace ///
>                     b(4) se(4) ///
>                     rename(seed "STRV Seed") ///
>                     keep("STRV Seed") ///
>                     star(* 0.10 ** 0.05 *** 0.01) ///
>                     stats(N r2, labels("Observations" "R-squared") fmt(0 3)) ///
>                     noobs booktabs nonum nomtitle collabels(none) ///
>                     nobaselevels nogaps fragment label ///
>                     prehead("\begin{tabular}{l*{3}{c}} " ///
>                       "\\[-1.8ex]\hline \hline \\[-1.8ex] " ///
>                       "& \multicolumn{1}{c}{xtreg} & " ///
>                       "\multicolumn{1}{c}{didreg} & " ///
>                                           "\multicolumn{1}{c}{inter} \\ \midrule") ///
>                     postfoot("\hline \hline \\[-1.8ex] " ///
>                       "\multicolumn{4}{p{\linewidth}}{\small " ///
>                       "\noindent \textit{Note}: Dependent variable " ///
>                       "is median EVIa. All models use " ///
>                       "standard errors clustered at the " ///
>                       "household level (in parentheses). " ///
>                       "* p$<$0.10, ** p$<$0.05, *** p$<$0.01.} " ///
>                       "\end{tabular}")
(output written to C:/Users/jdmic/git/learn-stata/solutions/12-interact-did.tex)

. 
. **********************************************************************
. **# 4 - end matter
. **********************************************************************
. 
. * close log
.         cap             log close
--------------------------------------------------------------------------------------------------------------------
      name:  <unnamed>
       log:  C:\Users\jdmic\git\learn-stata\code\12-did.log
  log type:  text
 opened on:   1 Apr 2026, 10:04:27

. 
. **********************************************************************
. **# exercise 1 - Continuous Treatment DiD
. **********************************************************************
. 
. **## 1.1
. 
. * load data
.         use             "$data/panel_gis.dta", clear

.     
. * set panel   
.         xtset           district_id year

Panel variable: district_id (strongly balanced)
 Time variable: year, 2002 to 2021
         Delta: 1 unit

. 
. * continuous treatment did
.         eststo          did1: xtreg evi_med c.seed i.year, fe ///
>                                                 vce(cluster district_id)

Fixed-effects (within) regression               Number of obs     =      1,280
Group variable: district_id                     Number of groups  =         64

R-squared:                                      Obs per group:
     Within  = 0.5670                                         min =         20
     Between = 0.0036                                         avg =       20.0
     Overall = 0.1327                                         max =         20

                                                F(20, 63)         =     104.94
corr(u_i, Xb) = 0.0019                          Prob > F          =     0.0000

                           (Std. err. adjusted for 64 clusters in district_id)
------------------------------------------------------------------------------
             |               Robust
     evi_med | Coefficient  std. err.      t    P>|t|     [95% conf. interval]
-------------+----------------------------------------------------------------
        seed |   9.80e-06   3.40e-06     2.88   0.005     3.00e-06    .0000166
             |
        year |
       2003  |  -.0081738    .003934    -2.08   0.042    -.0160352   -.0003123
       2004  |  -.0529046   .0047439   -11.15   0.000    -.0623845   -.0434247
       2005  |   .0113185   .0037722     3.00   0.004     .0037803    .0188566
       2006  |   .0286864   .0043782     6.55   0.000     .0199374    .0374355
       2007  |  -.0412701   .0065459    -6.30   0.000    -.0543511   -.0281891
       2008  |   .0113379   .0041597     2.73   0.008     .0030254    .0196504
       2009  |   .0400233   .0054714     7.31   0.000     .0290895     .050957
       2010  |   .0235677   .0061614     3.83   0.000     .0112552    .0358802
       2011  |   .0083384   .0046368     1.80   0.077    -.0009274    .0176043
       2012  |   .0430827   .0061243     7.03   0.000     .0308443    .0553211
       2013  |   .0397882   .0044529     8.94   0.000     .0308897    .0486867
       2014  |   .0407886   .0051912     7.86   0.000     .0304149    .0511624
       2015  |   .0408491   .0072204     5.66   0.000     .0264204    .0552778
       2016  |   .0485674   .0069903     6.95   0.000     .0345984    .0625365
       2017  |   .0512881   .0076095     6.74   0.000     .0360818    .0664944
       2018  |   .0686437   .0067388    10.19   0.000     .0551773      .08211
       2019  |   .0701537   .0072234     9.71   0.000      .055719    .0845885
       2020  |   .0349619   .0064618     5.41   0.000      .022049    .0478747
       2021  |   .0656416   .0074726     8.78   0.000     .0507089    .0805744
             |
       _cons |   .4581041   .0041328   110.85   0.000     .4498454    .4663628
-------------+----------------------------------------------------------------
     sigma_u |  .08122385
     sigma_e |  .03012672
         rho |  .87906363   (fraction of variance due to u_i)
------------------------------------------------------------------------------

. 
. * did using didregress
.         eststo          did2: didregress (evi_med) (seed, continuous), group(district_id) ///
>                                                 time(year) vce(cluster district_id)


Difference-in-differences regression                     Number of obs = 1,280
Data type: Repeated cross-sectional

                           (Std. err. adjusted for 64 clusters in district_id)
------------------------------------------------------------------------------
             |               Robust
     evi_med | Coefficient  std. err.      t    P>|t|     [95% conf. interval]
-------------+----------------------------------------------------------------
ATET         |
        seed |   9.80e-06   3.49e-06     2.81   0.007     2.82e-06    .0000168
------------------------------------------------------------------------------
Note: ATET estimate adjusted for group effects and time effects.

.                                                 
.    esttab      did1 did2 using "$answ/12-did.tex", replace ///
>                     b(4) se(4) ///
>                     rename(seed "STRV Seed") ///
>                     keep("STRV Seed") ///
>                     star(* 0.10 ** 0.05 *** 0.01) ///
>                     stats(N r2, labels("Observations" "R-squared") fmt(0 3)) ///
>                     noobs booktabs nonum nomtitle collabels(none) ///
>                     nobaselevels nogaps fragment label ///
>                     prehead("\begin{tabular}{l*{2}{c}} " ///
>                       "\\[-1.8ex]\hline \hline \\[-1.8ex] " ///
>                       "& \multicolumn{1}{c}{xtreg} & " ///
>                       "\multicolumn{1}{c}{didreg} \\ \midrule") ///
>                     postfoot("\hline \hline \\[-1.8ex] " ///
>                       "\multicolumn{3}{p{\linewidth}}{\small " ///
>                       "\noindent \textit{Note}: Dependent variable " ///
>                       "is median EVIa. All models use " ///
>                       "standard errors clustered at the " ///
>                       "household level (in parentheses). " ///
>                       "* p$<$0.10, ** p$<$0.05, *** p$<$0.01.} " ///
>                       "\end{tabular}")
(output written to C:/Users/jdmic/git/learn-stata/solutions/12-did.tex)

.                                           
. **********************************************************************
. **# exercise 2 - Parallel Trends
. **********************************************************************
. 
. **## 2.1
. 
. * find maximum seed adoption per district
.         bysort          district_id: egen max_seed = max(seed)

. 
. * get median of maximum seed
.         sum             max_seed, detail

                          max_seed
-------------------------------------------------------------
      Percentiles      Smallest
 1%            0              0
 5%            1              0
10%          2.5              0       Obs               1,280
25%        20.95              0       Sum of wgt.       1,280

50%      137.826                      Mean           409.5093
                        Largest       Std. dev.      717.9694
75%     452.1585       3636.354
90%     961.5032       3636.354       Variance       515480.1
95%     2202.877       3636.354       Skewness       2.938659
99%     3636.354       3636.354       Kurtosis       11.67241

.         local           med = r(p50)

. 
. * define early/high adoption districts vs never/low
.         gen             high_adopt = (max_seed > `med') & !missing(max_seed)

. 
. * collapse to mean by group and year
.         preserve

.         collapse        (mean) evi_med, by(high_adopt year)

. 
. * map parallel trends
.         twoway          (connected evi_med year if high_adopt == 1, ///
>                                                 lcolor(maroon)) ///
>                                         (connected evi_med year if high_adopt == 0, ///
>                                                 lcolor(navy)), xline(2011) ///
>                                                 legend(order(1 "High Adopters" ///
>                                                 2 "Low/Never Adopters")) xtitle("Year") ///
>                                                 ytitle("Mean EVI") ///
>                                                 title("Parallel Trends Check")

.         graph export    "$answ/parallel_trends.png", replace
file C:/Users/jdmic/git/learn-stata/solutions/parallel_trends.png saved as PNG format

.         restore

.         *** generally, the parallel trends appear consistent pre-adoption
. 
. **********************************************************************
. **# exercise 3 - Continuous Interacted DiD
. **********************************************************************
. 
. **## 3.1
. 
. * interacted model
.         eststo          did3: xtreg evi_med c.seed##c.bin_max_60_611 i.year, ///
>                                                 fe vce(cluster district_id)

Fixed-effects (within) regression               Number of obs     =      1,280
Group variable: district_id                     Number of groups  =         64

R-squared:                                      Obs per group:
     Within  = 0.5674                                         min =         20
     Between = 0.0035                                         avg =       20.0
     Overall = 0.1328                                         max =         20

                                                F(21, 63)         =          .
corr(u_i, Xb) = 0.0019                          Prob > F          =          .

                                      (Std. err. adjusted for 64 clusters in district_id)
-----------------------------------------------------------------------------------------
                        |               Robust
                evi_med | Coefficient  std. err.      t    P>|t|     [95% conf. interval]
------------------------+----------------------------------------------------------------
                   seed |   9.83e-06   3.41e-06     2.88   0.005     3.01e-06    .0000166
         bin_max_60_611 |  -.0202958   .0114021    -1.78   0.080     -.043081    .0024895
                        |
c.seed#c.bin_max_60_611 |   .0002264   .0000485     4.67   0.000     .0001296    .0003233
                        |
                   year |
                  2003  |  -.0081738   .0039371    -2.08   0.042    -.0160415    -.000306
                  2004  |  -.0529046   .0047477   -11.14   0.000    -.0623921   -.0434172
                  2005  |   .0113185   .0037752     3.00   0.004     .0037743    .0188626
                  2006  |   .0286864   .0043816     6.55   0.000     .0199304    .0374425
                  2007  |  -.0412701   .0065511    -6.30   0.000    -.0543615   -.0281787
                  2008  |   .0113379    .004163     2.72   0.008     .0030187     .019657
                  2009  |   .0400233   .0054758     7.31   0.000     .0290808    .0509657
                  2010  |   .0235677   .0061663     3.82   0.000     .0112454      .03589
                  2011  |   .0083384   .0046405     1.80   0.077    -.0009348    .0176116
                  2012  |   .0430827   .0061292     7.03   0.000     .0308345    .0553308
                  2013  |   .0397879   .0044566     8.93   0.000     .0308821    .0486937
                  2014  |   .0407877   .0051955     7.85   0.000     .0304054    .0511701
                  2015  |    .040847   .0072266     5.65   0.000     .0264058    .0552883
                  2016  |   .0485642   .0069967     6.94   0.000     .0345824    .0625461
                  2017  |    .051284   .0076161     6.73   0.000     .0360645    .0665035
                  2018  |   .0685969   .0067839    10.11   0.000     .0550403    .0821535
                  2019  |    .069641   .0072989     9.54   0.000     .0550553    .0842267
                  2020  |   .0349539   .0064686     5.40   0.000     .0220274    .0478803
                  2021  |   .0656325   .0074818     8.77   0.000     .0506813    .0805838
                        |
                  _cons |   .4581041   .0041348   110.79   0.000     .4498413    .4663669
------------------------+----------------------------------------------------------------
                sigma_u |  .08122415
                sigma_e |  .03013734
                    rho |  .87898948   (fraction of variance due to u_i)
-----------------------------------------------------------------------------------------

. 
. * build esttab table
. 
.    esttab      did1 did2 did3 using "$answ/12-interact-did.tex", replace ///
>                     b(4) se(4) ///
>                     rename(seed "STRV Seed") ///
>                     keep("STRV Seed") ///
>                     star(* 0.10 ** 0.05 *** 0.01) ///
>                     stats(N r2, labels("Observations" "R-squared") fmt(0 3)) ///
>                     noobs booktabs nonum nomtitle collabels(none) ///
>                     nobaselevels nogaps fragment label ///
>                     prehead("\begin{tabular}{l*{3}{c}} " ///
>                       "\\[-1.8ex]\hline \hline \\[-1.8ex] " ///
>                       "& \multicolumn{1}{c}{xtreg} & " ///
>                       "\multicolumn{1}{c}{didreg} & " ///
>                                           "\multicolumn{1}{c}{inter} \\ \midrule") ///
>                     postfoot("\hline \hline \\[-1.8ex] " ///
>                       "\multicolumn{4}{p{\linewidth}}{\small " ///
>                       "\noindent \textit{Note}: Dependent variable " ///
>                       "is median EVIa. All models use " ///
>                       "standard errors clustered at the " ///
>                       "household level (in parentheses). " ///
>                       "* p$<$0.10, ** p$<$0.05, *** p$<$0.01.} " ///
>                       "\end{tabular}")
(output written to C:/Users/jdmic/git/learn-stata/solutions/12-interact-did.tex)

. 
. **********************************************************************
. **# 4 - end matter
. **********************************************************************
. 
. * close log
.         cap             log close
--------------------------------------------------------------------------------------------------------------------
      name:  <unnamed>
       log:  C:\Users\jdmic\git\learn-stata\code\12-did.log
  log type:  text
 opened on:   1 Apr 2026, 10:06:33

. 
. **********************************************************************
. **# exercise 1 - Continuous Treatment DiD
. **********************************************************************
. 
. **## 1.1
. 
. * load data
.         use             "$data/panel_gis.dta", clear

.     
. * set panel   
.         xtset           district_id year

Panel variable: district_id (strongly balanced)
 Time variable: year, 2002 to 2021
         Delta: 1 unit

. 
. * continuous treatment did
.         eststo          did1: xtreg evi_med c.seed i.year, fe ///
>                                                 vce(cluster district_id)

Fixed-effects (within) regression               Number of obs     =      1,280
Group variable: district_id                     Number of groups  =         64

R-squared:                                      Obs per group:
     Within  = 0.5670                                         min =         20
     Between = 0.0036                                         avg =       20.0
     Overall = 0.1327                                         max =         20

                                                F(20, 63)         =     104.94
corr(u_i, Xb) = 0.0019                          Prob > F          =     0.0000

                           (Std. err. adjusted for 64 clusters in district_id)
------------------------------------------------------------------------------
             |               Robust
     evi_med | Coefficient  std. err.      t    P>|t|     [95% conf. interval]
-------------+----------------------------------------------------------------
        seed |   .0098028   .0034037     2.88   0.005     .0030012    .0166045
             |
        year |
       2003  |  -.0081738    .003934    -2.08   0.042    -.0160352   -.0003123
       2004  |  -.0529046   .0047439   -11.15   0.000    -.0623845   -.0434247
       2005  |   .0113185   .0037722     3.00   0.004     .0037803    .0188566
       2006  |   .0286864   .0043782     6.55   0.000     .0199374    .0374355
       2007  |  -.0412701   .0065459    -6.30   0.000    -.0543511   -.0281891
       2008  |   .0113379   .0041597     2.73   0.008     .0030254    .0196504
       2009  |   .0400233   .0054714     7.31   0.000     .0290895     .050957
       2010  |   .0235677   .0061614     3.83   0.000     .0112552    .0358802
       2011  |   .0083384   .0046368     1.80   0.077    -.0009274    .0176043
       2012  |   .0430827   .0061243     7.03   0.000     .0308443    .0553211
       2013  |   .0397882   .0044529     8.94   0.000     .0308897    .0486867
       2014  |   .0407886   .0051912     7.86   0.000     .0304149    .0511624
       2015  |   .0408491   .0072204     5.66   0.000     .0264204    .0552778
       2016  |   .0485674   .0069903     6.95   0.000     .0345984    .0625365
       2017  |   .0512881   .0076095     6.74   0.000     .0360818    .0664944
       2018  |   .0686437   .0067388    10.19   0.000     .0551773      .08211
       2019  |   .0701537   .0072234     9.71   0.000      .055719    .0845885
       2020  |   .0349619   .0064618     5.41   0.000      .022049    .0478747
       2021  |   .0656416   .0074726     8.78   0.000     .0507089    .0805744
             |
       _cons |   .4581041   .0041328   110.85   0.000     .4498454    .4663628
-------------+----------------------------------------------------------------
     sigma_u |  .08122385
     sigma_e |  .03012672
         rho |  .87906363   (fraction of variance due to u_i)
------------------------------------------------------------------------------

. 
. * did using didregress
.         eststo          did2: didregress (evi_med) (seed, continuous), group(district_id) ///
>                                                 time(year) vce(cluster district_id)


Difference-in-differences regression                     Number of obs = 1,280
Data type: Repeated cross-sectional

                           (Std. err. adjusted for 64 clusters in district_id)
------------------------------------------------------------------------------
             |               Robust
     evi_med | Coefficient  std. err.      t    P>|t|     [95% conf. interval]
-------------+----------------------------------------------------------------
ATET         |
        seed |   .0098028   .0034922     2.81   0.007     .0028243    .0167814
------------------------------------------------------------------------------
Note: ATET estimate adjusted for group effects and time effects.

.                                                 
.    esttab      did1 did2 using "$answ/12-did.tex", replace ///
>                     b(4) se(4) ///
>                     rename(seed "STRV Seed") ///
>                     keep("STRV Seed") ///
>                     star(* 0.10 ** 0.05 *** 0.01) ///
>                     stats(N r2, labels("Observations" "R-squared") fmt(0 3)) ///
>                     noobs booktabs nonum nomtitle collabels(none) ///
>                     nobaselevels nogaps fragment label ///
>                     prehead("\begin{tabular}{l*{2}{c}} " ///
>                       "\\[-1.8ex]\hline \hline \\[-1.8ex] " ///
>                       "& \multicolumn{1}{c}{xtreg} & " ///
>                       "\multicolumn{1}{c}{didreg} \\ \midrule") ///
>                     postfoot("\hline \hline \\[-1.8ex] " ///
>                       "\multicolumn{3}{p{\linewidth}}{\small " ///
>                       "\noindent \textit{Note}: Dependent variable " ///
>                       "is median EVIa. All models use " ///
>                       "standard errors clustered at the " ///
>                       "household level (in parentheses). " ///
>                       "* p$<$0.10, ** p$<$0.05, *** p$<$0.01.} " ///
>                       "\end{tabular}")
(output written to C:/Users/jdmic/git/learn-stata/solutions/12-did.tex)

.                                           
. **********************************************************************
. **# exercise 2 - Parallel Trends
. **********************************************************************
. 
. **## 2.1
. 
. * find maximum seed adoption per district
.         bysort          district_id: egen max_seed = max(seed)
variable max_seed already defined
r(110);

end of do-file

r(110);

. drop max_seed

. save "C:/Users/jdmic/git/learn-stata/data/panel_gis.dta", replace
file C:/Users/jdmic/git/learn-stata/data/panel_gis.dta saved

. do "C:\Users\jdmic\git\learn-stata\code\12-did.do"

. * course: 597a
. * assignment: 12
. * created on: 31 mar 26
. * created by: jdm
. * edited on: 31 mar 26
. * edited by: jdm
. * stata v.18.0
. 
. **********************************************************************
. **# 0 - setup
. **********************************************************************
. 
. * open log
.         cap             log close
--------------------------------------------------------------------------------------------------------------------
      name:  <unnamed>
       log:  C:\Users\jdmic\git\learn-stata\code\12-did.log
  log type:  text
 opened on:   1 Apr 2026, 10:06:51

. 
. **********************************************************************
. **# exercise 1 - Continuous Treatment DiD
. **********************************************************************
. 
. **## 1.1
. 
. * load data
.         use             "$data/panel_gis.dta", clear

.     
. * set panel   
.         xtset           district_id year

Panel variable: district_id (strongly balanced)
 Time variable: year, 2002 to 2021
         Delta: 1 unit

. 
. * continuous treatment did
.         eststo          did1: xtreg evi_med c.seed i.year, fe ///
>                                                 vce(cluster district_id)

Fixed-effects (within) regression               Number of obs     =      1,280
Group variable: district_id                     Number of groups  =         64

R-squared:                                      Obs per group:
     Within  = 0.5670                                         min =         20
     Between = 0.0036                                         avg =       20.0
     Overall = 0.1327                                         max =         20

                                                F(20, 63)         =     104.94
corr(u_i, Xb) = 0.0019                          Prob > F          =     0.0000

                           (Std. err. adjusted for 64 clusters in district_id)
------------------------------------------------------------------------------
             |               Robust
     evi_med | Coefficient  std. err.      t    P>|t|     [95% conf. interval]
-------------+----------------------------------------------------------------
        seed |   .0098028   .0034037     2.88   0.005     .0030012    .0166045
             |
        year |
       2003  |  -.0081738    .003934    -2.08   0.042    -.0160352   -.0003123
       2004  |  -.0529046   .0047439   -11.15   0.000    -.0623845   -.0434247
       2005  |   .0113185   .0037722     3.00   0.004     .0037803    .0188566
       2006  |   .0286864   .0043782     6.55   0.000     .0199374    .0374355
       2007  |  -.0412701   .0065459    -6.30   0.000    -.0543511   -.0281891
       2008  |   .0113379   .0041597     2.73   0.008     .0030254    .0196504
       2009  |   .0400233   .0054714     7.31   0.000     .0290895     .050957
       2010  |   .0235677   .0061614     3.83   0.000     .0112552    .0358802
       2011  |   .0083384   .0046368     1.80   0.077    -.0009274    .0176043
       2012  |   .0430827   .0061243     7.03   0.000     .0308443    .0553211
       2013  |   .0397882   .0044529     8.94   0.000     .0308897    .0486867
       2014  |   .0407886   .0051912     7.86   0.000     .0304149    .0511624
       2015  |   .0408491   .0072204     5.66   0.000     .0264204    .0552778
       2016  |   .0485674   .0069903     6.95   0.000     .0345984    .0625365
       2017  |   .0512881   .0076095     6.74   0.000     .0360818    .0664944
       2018  |   .0686437   .0067388    10.19   0.000     .0551773      .08211
       2019  |   .0701537   .0072234     9.71   0.000      .055719    .0845885
       2020  |   .0349619   .0064618     5.41   0.000      .022049    .0478747
       2021  |   .0656416   .0074726     8.78   0.000     .0507089    .0805744
             |
       _cons |   .4581041   .0041328   110.85   0.000     .4498454    .4663628
-------------+----------------------------------------------------------------
     sigma_u |  .08122385
     sigma_e |  .03012672
         rho |  .87906363   (fraction of variance due to u_i)
------------------------------------------------------------------------------

. 
. * did using didregress
.         eststo          did2: didregress (evi_med) (seed, continuous), group(district_id) ///
>                                                 time(year) vce(cluster district_id)


Difference-in-differences regression                     Number of obs = 1,280
Data type: Repeated cross-sectional

                           (Std. err. adjusted for 64 clusters in district_id)
------------------------------------------------------------------------------
             |               Robust
     evi_med | Coefficient  std. err.      t    P>|t|     [95% conf. interval]
-------------+----------------------------------------------------------------
ATET         |
        seed |   .0098028   .0034922     2.81   0.007     .0028243    .0167814
------------------------------------------------------------------------------
Note: ATET estimate adjusted for group effects and time effects.

.                                                 
.    esttab      did1 did2 using "$answ/12-did.tex", replace ///
>                     b(4) se(4) ///
>                     rename(seed "STRV Seed") ///
>                     keep("STRV Seed") ///
>                     star(* 0.10 ** 0.05 *** 0.01) ///
>                     stats(N r2, labels("Observations" "R-squared") fmt(0 3)) ///
>                     noobs booktabs nonum nomtitle collabels(none) ///
>                     nobaselevels nogaps fragment label ///
>                     prehead("\begin{tabular}{l*{2}{c}} " ///
>                       "\\[-1.8ex]\hline \hline \\[-1.8ex] " ///
>                       "& \multicolumn{1}{c}{xtreg} & " ///
>                       "\multicolumn{1}{c}{didreg} \\ \midrule") ///
>                     postfoot("\hline \hline \\[-1.8ex] " ///
>                       "\multicolumn{3}{p{\linewidth}}{\small " ///
>                       "\noindent \textit{Note}: Dependent variable " ///
>                       "is median EVIa. All models use " ///
>                       "standard errors clustered at the " ///
>                       "household level (in parentheses). " ///
>                       "* p$<$0.10, ** p$<$0.05, *** p$<$0.01.} " ///
>                       "\end{tabular}")
(output written to C:/Users/jdmic/git/learn-stata/solutions/12-did.tex)

.                                           
. **********************************************************************
. **# exercise 2 - Parallel Trends
. **********************************************************************
. 
. **## 2.1
. 
. * find maximum seed adoption per district
.         bysort          district_id: egen max_seed = max(seed)

. 
. * get median of maximum seed
.         sum             max_seed, detail

                          max_seed
-------------------------------------------------------------
      Percentiles      Smallest
 1%            0              0
 5%         .001              0
10%        .0025              0       Obs               1,280
25%       .02095              0       Sum of wgt.       1,280

50%      .137826                      Mean           .4095093
                        Largest       Std. dev.      .7179694
75%     .4521585       3.636354
90%     .9615032       3.636354       Variance       .5154801
95%     2.202877       3.636354       Skewness       2.938659
99%     3.636354       3.636354       Kurtosis       11.67241

.         local           med = r(p50)

. 
. * define early/high adoption districts vs never/low
.         gen             high_adopt = (max_seed > `med') & !missing(max_seed)
variable high_adopt already defined
r(110);

end of do-file

r(110);

. drop high_adopt

. drop max_seed

. drop _est_did3 _est_did1 _est_did2

. save "C:/Users/jdmic/git/learn-stata/data/panel_gis.dta", replace
file C:/Users/jdmic/git/learn-stata/data/panel_gis.dta saved

. do "C:\Users\jdmic\git\learn-stata\code\12-did.do"

. * course: 597a
. * assignment: 12
. * created on: 31 mar 26
. * created by: jdm
. * edited on: 31 mar 26
. * edited by: jdm
. * stata v.18.0
. 
. **********************************************************************
. **# 0 - setup
. **********************************************************************
. 
. * open log
.         cap             log close
--------------------------------------------------------------------------------------------------------------------
      name:  <unnamed>
       log:  C:\Users\jdmic\git\learn-stata\code\12-did.log
  log type:  text
 opened on:   1 Apr 2026, 10:07:28

. 
. **********************************************************************
. **# exercise 1 - Continuous Treatment DiD
. **********************************************************************
. 
. **## 1.1
. 
. * load data
.         use             "$data/panel_gis.dta", clear

.     
. * set panel   
.         xtset           district_id year

Panel variable: district_id (strongly balanced)
 Time variable: year, 2002 to 2021
         Delta: 1 unit

. 
. * continuous treatment did
.         eststo          did1: xtreg evi_med c.seed i.year, fe ///
>                                                 vce(cluster district_id)

Fixed-effects (within) regression               Number of obs     =      1,280
Group variable: district_id                     Number of groups  =         64

R-squared:                                      Obs per group:
     Within  = 0.5670                                         min =         20
     Between = 0.0036                                         avg =       20.0
     Overall = 0.1327                                         max =         20

                                                F(20, 63)         =     104.94
corr(u_i, Xb) = 0.0019                          Prob > F          =     0.0000

                           (Std. err. adjusted for 64 clusters in district_id)
------------------------------------------------------------------------------
             |               Robust
     evi_med | Coefficient  std. err.      t    P>|t|     [95% conf. interval]
-------------+----------------------------------------------------------------
        seed |   .0098028   .0034037     2.88   0.005     .0030012    .0166045
             |
        year |
       2003  |  -.0081738    .003934    -2.08   0.042    -.0160352   -.0003123
       2004  |  -.0529046   .0047439   -11.15   0.000    -.0623845   -.0434247
       2005  |   .0113185   .0037722     3.00   0.004     .0037803    .0188566
       2006  |   .0286864   .0043782     6.55   0.000     .0199374    .0374355
       2007  |  -.0412701   .0065459    -6.30   0.000    -.0543511   -.0281891
       2008  |   .0113379   .0041597     2.73   0.008     .0030254    .0196504
       2009  |   .0400233   .0054714     7.31   0.000     .0290895     .050957
       2010  |   .0235677   .0061614     3.83   0.000     .0112552    .0358802
       2011  |   .0083384   .0046368     1.80   0.077    -.0009274    .0176043
       2012  |   .0430827   .0061243     7.03   0.000     .0308443    .0553211
       2013  |   .0397882   .0044529     8.94   0.000     .0308897    .0486867
       2014  |   .0407886   .0051912     7.86   0.000     .0304149    .0511624
       2015  |   .0408491   .0072204     5.66   0.000     .0264204    .0552778
       2016  |   .0485674   .0069903     6.95   0.000     .0345984    .0625365
       2017  |   .0512881   .0076095     6.74   0.000     .0360818    .0664944
       2018  |   .0686437   .0067388    10.19   0.000     .0551773      .08211
       2019  |   .0701537   .0072234     9.71   0.000      .055719    .0845885
       2020  |   .0349619   .0064618     5.41   0.000      .022049    .0478747
       2021  |   .0656416   .0074726     8.78   0.000     .0507089    .0805744
             |
       _cons |   .4581041   .0041328   110.85   0.000     .4498454    .4663628
-------------+----------------------------------------------------------------
     sigma_u |  .08122385
     sigma_e |  .03012672
         rho |  .87906363   (fraction of variance due to u_i)
------------------------------------------------------------------------------

. 
. * did using didregress
.         eststo          did2: didregress (evi_med) (seed, continuous), group(district_id) ///
>                                                 time(year) vce(cluster district_id)


Difference-in-differences regression                     Number of obs = 1,280
Data type: Repeated cross-sectional

                           (Std. err. adjusted for 64 clusters in district_id)
------------------------------------------------------------------------------
             |               Robust
     evi_med | Coefficient  std. err.      t    P>|t|     [95% conf. interval]
-------------+----------------------------------------------------------------
ATET         |
        seed |   .0098028   .0034922     2.81   0.007     .0028243    .0167814
------------------------------------------------------------------------------
Note: ATET estimate adjusted for group effects and time effects.

.                                                 
.    esttab      did1 did2 using "$answ/12-did.tex", replace ///
>                     b(4) se(4) ///
>                     rename(seed "STRV Seed") ///
>                     keep("STRV Seed") ///
>                     star(* 0.10 ** 0.05 *** 0.01) ///
>                     stats(N r2, labels("Observations" "R-squared") fmt(0 3)) ///
>                     noobs booktabs nonum nomtitle collabels(none) ///
>                     nobaselevels nogaps fragment label ///
>                     prehead("\begin{tabular}{l*{2}{c}} " ///
>                       "\\[-1.8ex]\hline \hline \\[-1.8ex] " ///
>                       "& \multicolumn{1}{c}{xtreg} & " ///
>                       "\multicolumn{1}{c}{didreg} \\ \midrule") ///
>                     postfoot("\hline \hline \\[-1.8ex] " ///
>                       "\multicolumn{3}{p{\linewidth}}{\small " ///
>                       "\noindent \textit{Note}: Dependent variable " ///
>                       "is median EVIa. All models use " ///
>                       "standard errors clustered at the " ///
>                       "household level (in parentheses). " ///
>                       "* p$<$0.10, ** p$<$0.05, *** p$<$0.01.} " ///
>                       "\end{tabular}")
(output written to C:/Users/jdmic/git/learn-stata/solutions/12-did.tex)

.                                           
. **********************************************************************
. **# exercise 2 - Parallel Trends
. **********************************************************************
. 
. **## 2.1
. 
. * find maximum seed adoption per district
.         bysort          district_id: egen max_seed = max(seed)

. 
. * get median of maximum seed
.         sum             max_seed, detail

                          max_seed
-------------------------------------------------------------
      Percentiles      Smallest
 1%            0              0
 5%         .001              0
10%        .0025              0       Obs               1,280
25%       .02095              0       Sum of wgt.       1,280

50%      .137826                      Mean           .4095093
                        Largest       Std. dev.      .7179694
75%     .4521585       3.636354
90%     .9615032       3.636354       Variance       .5154801
95%     2.202877       3.636354       Skewness       2.938659
99%     3.636354       3.636354       Kurtosis       11.67241

.         local           med = r(p50)

. 
. * define early/high adoption districts vs never/low
.         gen             high_adopt = (max_seed > `med') & !missing(max_seed)

. 
. * collapse to mean by group and year
.         preserve

.         collapse        (mean) evi_med, by(high_adopt year)

. 
. * map parallel trends
.         twoway          (connected evi_med year if high_adopt == 1, ///
>                                                 lcolor(maroon)) ///
>                                         (connected evi_med year if high_adopt == 0, ///
>                                                 lcolor(navy)), xline(2011) ///
>                                                 legend(order(1 "High Adopters" ///
>                                                 2 "Low/Never Adopters")) xtitle("Year") ///
>                                                 ytitle("Mean EVI") ///
>                                                 title("Parallel Trends Check")

.         graph export    "$answ/parallel_trends.png", replace
file C:/Users/jdmic/git/learn-stata/solutions/parallel_trends.png saved as PNG format

.         restore

.         *** generally, the parallel trends appear consistent pre-adoption
. 
. **********************************************************************
. **# exercise 3 - Continuous Interacted DiD
. **********************************************************************
. 
. **## 3.1
. 
. * interacted model
.         eststo          did3: xtreg evi_med c.seed##c.bin_max_60_611 i.year, ///
>                                                 fe vce(cluster district_id)

Fixed-effects (within) regression               Number of obs     =      1,280
Group variable: district_id                     Number of groups  =         64

R-squared:                                      Obs per group:
     Within  = 0.5674                                         min =         20
     Between = 0.0035                                         avg =       20.0
     Overall = 0.1328                                         max =         20

                                                F(21, 63)         =          .
corr(u_i, Xb) = 0.0019                          Prob > F          =          .

                                      (Std. err. adjusted for 64 clusters in district_id)
-----------------------------------------------------------------------------------------
                        |               Robust
                evi_med | Coefficient  std. err.      t    P>|t|     [95% conf. interval]
------------------------+----------------------------------------------------------------
                   seed |    .009825   .0034099     2.88   0.005     .0030108    .0166392
         bin_max_60_611 |  -.0202958   .0114021    -1.78   0.080     -.043081    .0024895
                        |
c.seed#c.bin_max_60_611 |   .2264418   .0484635     4.67   0.000     .1295951    .3232884
                        |
                   year |
                  2003  |  -.0081738   .0039371    -2.08   0.042    -.0160415    -.000306
                  2004  |  -.0529046   .0047477   -11.14   0.000    -.0623921   -.0434172
                  2005  |   .0113185   .0037752     3.00   0.004     .0037743    .0188626
                  2006  |   .0286864   .0043816     6.55   0.000     .0199304    .0374425
                  2007  |  -.0412701   .0065511    -6.30   0.000    -.0543615   -.0281787
                  2008  |   .0113379    .004163     2.72   0.008     .0030187     .019657
                  2009  |   .0400233   .0054758     7.31   0.000     .0290808    .0509657
                  2010  |   .0235677   .0061663     3.82   0.000     .0112454      .03589
                  2011  |   .0083384   .0046405     1.80   0.077    -.0009348    .0176116
                  2012  |   .0430827   .0061292     7.03   0.000     .0308345    .0553308
                  2013  |   .0397879   .0044566     8.93   0.000     .0308821    .0486937
                  2014  |   .0407877   .0051955     7.85   0.000     .0304054    .0511701
                  2015  |    .040847   .0072266     5.65   0.000     .0264058    .0552883
                  2016  |   .0485642   .0069967     6.94   0.000     .0345824    .0625461
                  2017  |    .051284   .0076161     6.73   0.000     .0360645    .0665035
                  2018  |   .0685969   .0067839    10.11   0.000     .0550403    .0821535
                  2019  |    .069641   .0072989     9.54   0.000     .0550553    .0842267
                  2020  |   .0349539   .0064686     5.40   0.000     .0220274    .0478803
                  2021  |   .0656325   .0074818     8.77   0.000     .0506813    .0805838
                        |
                  _cons |   .4581041   .0041348   110.79   0.000     .4498413    .4663669
------------------------+----------------------------------------------------------------
                sigma_u |  .08122415
                sigma_e |  .03013734
                    rho |  .87898948   (fraction of variance due to u_i)
-----------------------------------------------------------------------------------------

. 
. * build esttab table
. 
.    esttab      did1 did2 did3 using "$answ/12-interact-did.tex", replace ///
>                     b(4) se(4) ///
>                     rename(seed "STRV Seed") ///
>                     keep("STRV Seed") ///
>                     star(* 0.10 ** 0.05 *** 0.01) ///
>                     stats(N r2, labels("Observations" "R-squared") fmt(0 3)) ///
>                     noobs booktabs nonum nomtitle collabels(none) ///
>                     nobaselevels nogaps fragment label ///
>                     prehead("\begin{tabular}{l*{3}{c}} " ///
>                       "\\[-1.8ex]\hline \hline \\[-1.8ex] " ///
>                       "& \multicolumn{1}{c}{xtreg} & " ///
>                       "\multicolumn{1}{c}{didreg} & " ///
>                                           "\multicolumn{1}{c}{inter} \\ \midrule") ///
>                     postfoot("\hline \hline \\[-1.8ex] " ///
>                       "\multicolumn{4}{p{\linewidth}}{\small " ///
>                       "\noindent \textit{Note}: Dependent variable " ///
>                       "is median EVIa. All models use " ///
>                       "standard errors clustered at the " ///
>                       "household level (in parentheses). " ///
>                       "* p$<$0.10, ** p$<$0.05, *** p$<$0.01.} " ///
>                       "\end{tabular}")
(output written to C:/Users/jdmic/git/learn-stata/solutions/12-interact-did.tex)

. 
. **********************************************************************
. **# 4 - end matter
. **********************************************************************
. 
. * close log
.         cap             log close
--------------------------------------------------------------------------------------------------------------------
      name:  <unnamed>
       log:  C:\Users\jdmic\git\learn-stata\code\12-did.log
  log type:  text
 opened on:   1 Apr 2026, 10:13:19

. 
. **********************************************************************
. **# exercise 1 - Continuous Treatment DiD
. **********************************************************************
. 
. **## 1.1
. 
. * load data
.         use             "$data/panel_gis.dta", clear

.     
. * set panel   
.         xtset           district_id year

Panel variable: district_id (strongly balanced)
 Time variable: year, 2002 to 2021
         Delta: 1 unit

. 
. * continuous treatment did
.         eststo          did1: xtreg evi_med c.seed i.year, fe ///
>                                                 vce(cluster district_id)

Fixed-effects (within) regression               Number of obs     =      1,280
Group variable: district_id                     Number of groups  =         64

R-squared:                                      Obs per group:
     Within  = 0.5670                                         min =         20
     Between = 0.0036                                         avg =       20.0
     Overall = 0.1327                                         max =         20

                                                F(20, 63)         =     104.94
corr(u_i, Xb) = 0.0019                          Prob > F          =     0.0000

                           (Std. err. adjusted for 64 clusters in district_id)
------------------------------------------------------------------------------
             |               Robust
     evi_med | Coefficient  std. err.      t    P>|t|     [95% conf. interval]
-------------+----------------------------------------------------------------
        seed |   .0098028   .0034037     2.88   0.005     .0030012    .0166045
             |
        year |
       2003  |  -.0081738    .003934    -2.08   0.042    -.0160352   -.0003123
       2004  |  -.0529046   .0047439   -11.15   0.000    -.0623845   -.0434247
       2005  |   .0113185   .0037722     3.00   0.004     .0037803    .0188566
       2006  |   .0286864   .0043782     6.55   0.000     .0199374    .0374355
       2007  |  -.0412701   .0065459    -6.30   0.000    -.0543511   -.0281891
       2008  |   .0113379   .0041597     2.73   0.008     .0030254    .0196504
       2009  |   .0400233   .0054714     7.31   0.000     .0290895     .050957
       2010  |   .0235677   .0061614     3.83   0.000     .0112552    .0358802
       2011  |   .0083384   .0046368     1.80   0.077    -.0009274    .0176043
       2012  |   .0430827   .0061243     7.03   0.000     .0308443    .0553211
       2013  |   .0397882   .0044529     8.94   0.000     .0308897    .0486867
       2014  |   .0407886   .0051912     7.86   0.000     .0304149    .0511624
       2015  |   .0408491   .0072204     5.66   0.000     .0264204    .0552778
       2016  |   .0485674   .0069903     6.95   0.000     .0345984    .0625365
       2017  |   .0512881   .0076095     6.74   0.000     .0360818    .0664944
       2018  |   .0686437   .0067388    10.19   0.000     .0551773      .08211
       2019  |   .0701537   .0072234     9.71   0.000      .055719    .0845885
       2020  |   .0349619   .0064618     5.41   0.000      .022049    .0478747
       2021  |   .0656416   .0074726     8.78   0.000     .0507089    .0805744
             |
       _cons |   .4581041   .0041328   110.85   0.000     .4498454    .4663628
-------------+----------------------------------------------------------------
     sigma_u |  .08122385
     sigma_e |  .03012672
         rho |  .87906363   (fraction of variance due to u_i)
------------------------------------------------------------------------------

. 
. * did using didregress
.         eststo          did2: didregress (evi_med) (seed, continuous), group(district_id) ///
>                                                 time(year) vce(cluster district_id)


Difference-in-differences regression                     Number of obs = 1,280
Data type: Repeated cross-sectional

                           (Std. err. adjusted for 64 clusters in district_id)
------------------------------------------------------------------------------
             |               Robust
     evi_med | Coefficient  std. err.      t    P>|t|     [95% conf. interval]
-------------+----------------------------------------------------------------
ATET         |
        seed |   .0098028   .0034922     2.81   0.007     .0028243    .0167814
------------------------------------------------------------------------------
Note: ATET estimate adjusted for group effects and time effects.

.                                                 
.    esttab      did1 did2 using "$answ/12-did.tex", replace ///
>                     b(4) se(4) ///
>                     rename(seed "STRV Seed") ///
>                     keep("STRV Seed") ///
>                     star(* 0.10 ** 0.05 *** 0.01) ///
>                     stats(N r2, labels("Observations" "R-squared") fmt(0 3)) ///
>                     noobs booktabs nonum nomtitle eqlabels(none) collabels(none) ///
>                     nobaselevels nogaps fragment label ///
>                     prehead("\begin{tabular}{l*{2}{c}} " ///
>                       "\\[-1.8ex]\hline \hline \\[-1.8ex] " ///
>                       "& \multicolumn{1}{c}{xtreg} & " ///
>                       "\multicolumn{1}{c}{didreg} \\ \midrule") ///
>                     postfoot("\hline \hline \\[-1.8ex] " ///
>                       "\multicolumn{3}{p{\linewidth}}{\small " ///
>                       "\noindent \textit{Note}: Dependent variable " ///
>                       "is median EVIa. All models use " ///
>                       "standard errors clustered at the " ///
>                       "household level (in parentheses). " ///
>                       "* p$<$0.10, ** p$<$0.05, *** p$<$0.01.} " ///
>                       "\end{tabular}")
(output written to C:/Users/jdmic/git/learn-stata/solutions/12-did.tex)

.                                           
. **********************************************************************
. **# exercise 2 - Parallel Trends
. **********************************************************************
. 
. **## 2.1
. 
. * find maximum seed adoption per district
.         bysort          district_id: egen max_seed = max(seed)

. 
. * get median of maximum seed
.         sum             max_seed, detail

                          max_seed
-------------------------------------------------------------
      Percentiles      Smallest
 1%            0              0
 5%         .001              0
10%        .0025              0       Obs               1,280
25%       .02095              0       Sum of wgt.       1,280

50%      .137826                      Mean           .4095093
                        Largest       Std. dev.      .7179694
75%     .4521585       3.636354
90%     .9615032       3.636354       Variance       .5154801
95%     2.202877       3.636354       Skewness       2.938659
99%     3.636354       3.636354       Kurtosis       11.67241

.         local           med = r(p50)

. 
. * define early/high adoption districts vs never/low
.         gen             high_adopt = (max_seed > `med') & !missing(max_seed)

. 
. * collapse to mean by group and year
.         preserve

.         collapse        (mean) evi_med, by(high_adopt year)

. 
. * map parallel trends
.         twoway          (connected evi_med year if high_adopt == 1, ///
>                                                 lcolor(maroon)) ///
>                                         (connected evi_med year if high_adopt == 0, ///
>                                                 lcolor(navy)), xline(2011) ///
>                                                 legend(order(1 "High Adopters" ///
>                                                 2 "Low/Never Adopters")) xtitle("Year") ///
>                                                 ytitle("Mean EVI") ///
>                                                 title("Parallel Trends Check")

.         graph export    "$answ/parallel_trends.png", replace
file C:/Users/jdmic/git/learn-stata/solutions/parallel_trends.png saved as PNG format

.         restore

.         *** generally, the parallel trends appear consistent pre-adoption
. 
. **********************************************************************
. **# exercise 3 - Continuous Interacted DiD
. **********************************************************************
. 
. **## 3.1
. 
. * interacted model
.         eststo          did3: xtreg evi_med c.seed##c.bin_max_60_611 i.year, ///
>                                                 fe vce(cluster district_id)

Fixed-effects (within) regression               Number of obs     =      1,280
Group variable: district_id                     Number of groups  =         64

R-squared:                                      Obs per group:
     Within  = 0.5674                                         min =         20
     Between = 0.0035                                         avg =       20.0
     Overall = 0.1328                                         max =         20

                                                F(21, 63)         =          .
corr(u_i, Xb) = 0.0019                          Prob > F          =          .

                                      (Std. err. adjusted for 64 clusters in district_id)
-----------------------------------------------------------------------------------------
                        |               Robust
                evi_med | Coefficient  std. err.      t    P>|t|     [95% conf. interval]
------------------------+----------------------------------------------------------------
                   seed |    .009825   .0034099     2.88   0.005     .0030108    .0166392
         bin_max_60_611 |  -.0202958   .0114021    -1.78   0.080     -.043081    .0024895
                        |
c.seed#c.bin_max_60_611 |   .2264418   .0484635     4.67   0.000     .1295951    .3232884
                        |
                   year |
                  2003  |  -.0081738   .0039371    -2.08   0.042    -.0160415    -.000306
                  2004  |  -.0529046   .0047477   -11.14   0.000    -.0623921   -.0434172
                  2005  |   .0113185   .0037752     3.00   0.004     .0037743    .0188626
                  2006  |   .0286864   .0043816     6.55   0.000     .0199304    .0374425
                  2007  |  -.0412701   .0065511    -6.30   0.000    -.0543615   -.0281787
                  2008  |   .0113379    .004163     2.72   0.008     .0030187     .019657
                  2009  |   .0400233   .0054758     7.31   0.000     .0290808    .0509657
                  2010  |   .0235677   .0061663     3.82   0.000     .0112454      .03589
                  2011  |   .0083384   .0046405     1.80   0.077    -.0009348    .0176116
                  2012  |   .0430827   .0061292     7.03   0.000     .0308345    .0553308
                  2013  |   .0397879   .0044566     8.93   0.000     .0308821    .0486937
                  2014  |   .0407877   .0051955     7.85   0.000     .0304054    .0511701
                  2015  |    .040847   .0072266     5.65   0.000     .0264058    .0552883
                  2016  |   .0485642   .0069967     6.94   0.000     .0345824    .0625461
                  2017  |    .051284   .0076161     6.73   0.000     .0360645    .0665035
                  2018  |   .0685969   .0067839    10.11   0.000     .0550403    .0821535
                  2019  |    .069641   .0072989     9.54   0.000     .0550553    .0842267
                  2020  |   .0349539   .0064686     5.40   0.000     .0220274    .0478803
                  2021  |   .0656325   .0074818     8.77   0.000     .0506813    .0805838
                        |
                  _cons |   .4581041   .0041348   110.79   0.000     .4498413    .4663669
------------------------+----------------------------------------------------------------
                sigma_u |  .08122415
                sigma_e |  .03013734
                    rho |  .87898948   (fraction of variance due to u_i)
-----------------------------------------------------------------------------------------

. 
. * build esttab table
. 
.    esttab      did1 did2 did3 using "$answ/12-interact-did.tex", replace ///
>                     b(4) se(4) ///
>                     rename(seed "STRV Seed") ///
>                     keep("STRV Seed") ///
>                     star(* 0.10 ** 0.05 *** 0.01) ///
>                     stats(N r2, labels("Observations" "R-squared") fmt(0 3)) ///
>                     noobs booktabs nonum nomtitle eqlabels(none) collabels(none) ///
>                     nobaselevels nogaps fragment label ///
>                     prehead("\begin{tabular}{l*{3}{c}} " ///
>                       "\\[-1.8ex]\hline \hline \\[-1.8ex] " ///
>                       "& \multicolumn{1}{c}{xtreg} & " ///
>                       "\multicolumn{1}{c}{didreg} & " ///
>                                           "\multicolumn{1}{c}{inter} \\ \midrule") ///
>                     postfoot("\hline \hline \\[-1.8ex] " ///
>                       "\multicolumn{4}{p{\linewidth}}{\small " ///
>                       "\noindent \textit{Note}: Dependent variable " ///
>                       "is median EVIa. All models use " ///
>                       "standard errors clustered at the " ///
>                       "household level (in parentheses). " ///
>                       "* p$<$0.10, ** p$<$0.05, *** p$<$0.01.} " ///
>                       "\end{tabular}")
(output written to C:/Users/jdmic/git/learn-stata/solutions/12-interact-did.tex)

. 
. **********************************************************************
. **# 4 - end matter
. **********************************************************************
. 
. * close log
.         cap             log close
--------------------------------------------------------------------------------------------------------------------
      name:  <unnamed>
       log:  C:\Users\jdmic\git\learn-stata\code\12-did.log
  log type:  text
 opened on:   1 Apr 2026, 10:22:10

. 
. **********************************************************************
. **# exercise 1 - Continuous Treatment DiD
. **********************************************************************
. 
. **## 1.1
. 
. * load data
.         use             "$data/panel_gis.dta", clear

.     
. * set panel   
.         xtset           district_id year

Panel variable: district_id (strongly balanced)
 Time variable: year, 2002 to 2021
         Delta: 1 unit

. 
. * continuous treatment did
.         eststo          did1: xtreg evi_med c.seed i.year, fe ///
>                                                 vce(cluster district_id)

Fixed-effects (within) regression               Number of obs     =      1,280
Group variable: district_id                     Number of groups  =         64

R-squared:                                      Obs per group:
     Within  = 0.5670                                         min =         20
     Between = 0.0036                                         avg =       20.0
     Overall = 0.1327                                         max =         20

                                                F(20, 63)         =     104.94
corr(u_i, Xb) = 0.0019                          Prob > F          =     0.0000

                           (Std. err. adjusted for 64 clusters in district_id)
------------------------------------------------------------------------------
             |               Robust
     evi_med | Coefficient  std. err.      t    P>|t|     [95% conf. interval]
-------------+----------------------------------------------------------------
        seed |   .0098028   .0034037     2.88   0.005     .0030012    .0166045
             |
        year |
       2003  |  -.0081738    .003934    -2.08   0.042    -.0160352   -.0003123
       2004  |  -.0529046   .0047439   -11.15   0.000    -.0623845   -.0434247
       2005  |   .0113185   .0037722     3.00   0.004     .0037803    .0188566
       2006  |   .0286864   .0043782     6.55   0.000     .0199374    .0374355
       2007  |  -.0412701   .0065459    -6.30   0.000    -.0543511   -.0281891
       2008  |   .0113379   .0041597     2.73   0.008     .0030254    .0196504
       2009  |   .0400233   .0054714     7.31   0.000     .0290895     .050957
       2010  |   .0235677   .0061614     3.83   0.000     .0112552    .0358802
       2011  |   .0083384   .0046368     1.80   0.077    -.0009274    .0176043
       2012  |   .0430827   .0061243     7.03   0.000     .0308443    .0553211
       2013  |   .0397882   .0044529     8.94   0.000     .0308897    .0486867
       2014  |   .0407886   .0051912     7.86   0.000     .0304149    .0511624
       2015  |   .0408491   .0072204     5.66   0.000     .0264204    .0552778
       2016  |   .0485674   .0069903     6.95   0.000     .0345984    .0625365
       2017  |   .0512881   .0076095     6.74   0.000     .0360818    .0664944
       2018  |   .0686437   .0067388    10.19   0.000     .0551773      .08211
       2019  |   .0701537   .0072234     9.71   0.000      .055719    .0845885
       2020  |   .0349619   .0064618     5.41   0.000      .022049    .0478747
       2021  |   .0656416   .0074726     8.78   0.000     .0507089    .0805744
             |
       _cons |   .4581041   .0041328   110.85   0.000     .4498454    .4663628
-------------+----------------------------------------------------------------
     sigma_u |  .08122385
     sigma_e |  .03012672
         rho |  .87906363   (fraction of variance due to u_i)
------------------------------------------------------------------------------

. 
. * did using didregress
.         eststo          did2: didregress (evi_med) (seed, continuous), group(district_id) ///
>                                                 time(year) vce(cluster district_id)


Difference-in-differences regression                     Number of obs = 1,280
Data type: Repeated cross-sectional

                           (Std. err. adjusted for 64 clusters in district_id)
------------------------------------------------------------------------------
             |               Robust
     evi_med | Coefficient  std. err.      t    P>|t|     [95% conf. interval]
-------------+----------------------------------------------------------------
ATET         |
        seed |   .0098028   .0034922     2.81   0.007     .0028243    .0167814
------------------------------------------------------------------------------
Note: ATET estimate adjusted for group effects and time effects.

.                                                 
.    esttab      did1 did2 using "$answ/12-did.tex", replace ///
>                     b(4) se(4) ///
>                     rename(seed "STRV Seed") ///
>                     keep("STRV Seed") ///
>                     star(* 0.10 ** 0.05 *** 0.01) ///
>                     stats(N r2, labels("Observations" "R-squared") fmt(0 3)) ///
>                     noobs booktabs nonum nomtitle eqlabels(none) collabels(none) ///
>                     nobaselevels nogaps fragment label ///
>                     prehead("\begin{tabular}{l*{2}{c}} " ///
>                       "\\[-1.8ex]\hline \hline \\[-1.8ex] " ///
>                       "& \multicolumn{1}{c}{xtreg} & " ///
>                       "\multicolumn{1}{c}{didreg} \\ \midrule") ///
>                     postfoot("\hline \hline \\[-1.8ex] " ///
>                       "\multicolumn{3}{p{\linewidth}}{\small " ///
>                       "\noindent \textit{Note}: Dependent variable " ///
>                       "is median EVI. All models use " ///
>                       "standard errors clustered at the " ///
>                       "household level (in parentheses). " ///
>                       "* p$<$0.10, ** p$<$0.05, *** p$<$0.01.} " ///
>                       "\end{tabular}")
(output written to C:/Users/jdmic/git/learn-stata/solutions/12-did.tex)

.                                           
. **********************************************************************
. **# exercise 2 - Parallel Trends
. **********************************************************************
. 
. **## 2.1
. 
. * find maximum seed adoption per district
.         bysort          district_id: egen max_seed = max(seed)

. 
. * get median of maximum seed
.         sum             max_seed, detail

                          max_seed
-------------------------------------------------------------
      Percentiles      Smallest
 1%            0              0
 5%         .001              0
10%        .0025              0       Obs               1,280
25%       .02095              0       Sum of wgt.       1,280

50%      .137826                      Mean           .4095093
                        Largest       Std. dev.      .7179694
75%     .4521585       3.636354
90%     .9615032       3.636354       Variance       .5154801
95%     2.202877       3.636354       Skewness       2.938659
99%     3.636354       3.636354       Kurtosis       11.67241

.         local           med = r(p50)

. 
. * define early/high adoption districts vs never/low
.         gen             high_adopt = (max_seed > `med') & !missing(max_seed)

. 
. * collapse to mean by group and year
.         preserve

.         collapse        (mean) evi_med, by(high_adopt year)

. 
. * map parallel trends
.         twoway          (connected evi_med year if high_adopt == 1, ///
>                                                 lcolor(maroon)) ///
>                                         (connected evi_med year if high_adopt == 0, ///
>                                                 lcolor(navy)), xline(2011) ///
>                                                 legend(order(1 "High Adopters" ///
>                                                 2 "Low/Never Adopters")) xtitle("Year") ///
>                                                 ytitle("Mean EVI") ///
>                                                 title("Parallel Trends Check")

.         graph export    "$answ/12-parallel_trends.png", replace
(file C:/Users/jdmic/git/learn-stata/solutions/12-parallel_trends.png not found)
file C:/Users/jdmic/git/learn-stata/solutions/12-parallel_trends.png saved as PNG format

.         restore

.         *** generally, the parallel trends appear consistent pre-adoption
. 
. **********************************************************************
. **# exercise 3 - Continuous Interacted DiD
. **********************************************************************
. 
. **## 3.1
. 
. * interacted model
.         eststo          did3: xtreg evi_med c.seed##c.bin_max_60_611 i.year, ///
>                                                 fe vce(cluster district_id)

Fixed-effects (within) regression               Number of obs     =      1,280
Group variable: district_id                     Number of groups  =         64

R-squared:                                      Obs per group:
     Within  = 0.5674                                         min =         20
     Between = 0.0035                                         avg =       20.0
     Overall = 0.1328                                         max =         20

                                                F(21, 63)         =          .
corr(u_i, Xb) = 0.0019                          Prob > F          =          .

                                      (Std. err. adjusted for 64 clusters in district_id)
-----------------------------------------------------------------------------------------
                        |               Robust
                evi_med | Coefficient  std. err.      t    P>|t|     [95% conf. interval]
------------------------+----------------------------------------------------------------
                   seed |    .009825   .0034099     2.88   0.005     .0030108    .0166392
         bin_max_60_611 |  -.0202958   .0114021    -1.78   0.080     -.043081    .0024895
                        |
c.seed#c.bin_max_60_611 |   .2264418   .0484635     4.67   0.000     .1295951    .3232884
                        |
                   year |
                  2003  |  -.0081738   .0039371    -2.08   0.042    -.0160415    -.000306
                  2004  |  -.0529046   .0047477   -11.14   0.000    -.0623921   -.0434172
                  2005  |   .0113185   .0037752     3.00   0.004     .0037743    .0188626
                  2006  |   .0286864   .0043816     6.55   0.000     .0199304    .0374425
                  2007  |  -.0412701   .0065511    -6.30   0.000    -.0543615   -.0281787
                  2008  |   .0113379    .004163     2.72   0.008     .0030187     .019657
                  2009  |   .0400233   .0054758     7.31   0.000     .0290808    .0509657
                  2010  |   .0235677   .0061663     3.82   0.000     .0112454      .03589
                  2011  |   .0083384   .0046405     1.80   0.077    -.0009348    .0176116
                  2012  |   .0430827   .0061292     7.03   0.000     .0308345    .0553308
                  2013  |   .0397879   .0044566     8.93   0.000     .0308821    .0486937
                  2014  |   .0407877   .0051955     7.85   0.000     .0304054    .0511701
                  2015  |    .040847   .0072266     5.65   0.000     .0264058    .0552883
                  2016  |   .0485642   .0069967     6.94   0.000     .0345824    .0625461
                  2017  |    .051284   .0076161     6.73   0.000     .0360645    .0665035
                  2018  |   .0685969   .0067839    10.11   0.000     .0550403    .0821535
                  2019  |    .069641   .0072989     9.54   0.000     .0550553    .0842267
                  2020  |   .0349539   .0064686     5.40   0.000     .0220274    .0478803
                  2021  |   .0656325   .0074818     8.77   0.000     .0506813    .0805838
                        |
                  _cons |   .4581041   .0041348   110.79   0.000     .4498413    .4663669
------------------------+----------------------------------------------------------------
                sigma_u |  .08122415
                sigma_e |  .03013734
                    rho |  .87898948   (fraction of variance due to u_i)
-----------------------------------------------------------------------------------------

. 
. * build esttab table
. 
.    esttab      did1 did2 did3 using "$answ/12-interact-did.tex", replace ///
>                     b(4) se(4) ///
>                     rename(seed "STRV Seed") ///
>                     keep("STRV Seed") ///
>                     star(* 0.10 ** 0.05 *** 0.01) ///
>                     stats(N r2, labels("Observations" "R-squared") fmt(0 3)) ///
>                     noobs booktabs nonum nomtitle eqlabels(none) collabels(none) ///
>                     nobaselevels nogaps fragment label ///
>                     prehead("\begin{tabular}{l*{3}{c}} " ///
>                       "\\[-1.8ex]\hline \hline \\[-1.8ex] " ///
>                       "& \multicolumn{1}{c}{xtreg} & " ///
>                       "\multicolumn{1}{c}{didreg} & " ///
>                                           "\multicolumn{1}{c}{inter} \\ \midrule") ///
>                     postfoot("\hline \hline \\[-1.8ex] " ///
>                       "\multicolumn{4}{p{\linewidth}}{\small " ///
>                       "\noindent \textit{Note}: Dependent variable " ///
>                       "is median EVI. All models use " ///
>                       "standard errors clustered at the " ///
>                       "household level (in parentheses). " ///
>                       "* p$<$0.10, ** p$<$0.05, *** p$<$0.01.} " ///
>                       "\end{tabular}")
(output written to C:/Users/jdmic/git/learn-stata/solutions/12-interact-did.tex)

. 
. **********************************************************************
. **# 4 - end matter
. **********************************************************************
. 
. * close log
.         cap             log close
